key,장면,화자,대사,원문 (고치지 마세요)
GREENROOM:0,프롤로그 · 대기실,(내레이션),블루 아워 페스 서브 스테이지 대기실. 무대까지 20분 남았다.,블루 아워 페스 서브 스테이지 대기실. 무대까지 20분 남았다.
GREENROOM:1,프롤로그 · 대기실,(내레이션),앞 팀 베이스 소리가 벽을 타고 울린다.,앞 팀 베이스 소리가 벽을 타고 울린다.
GREENROOM:2,프롤로그 · 대기실,하루,"야, 인이어에서 소리 들려?","야, 인이어에서 소리 들려?"
GREENROOM:3,프롤로그 · 대기실,@NAME,리허설 때는 멀쩡했잖아.,리허설 때는 멀쩡했잖아.
GREENROOM:4,프롤로그 · 대기실,하루,그렇긴 하지.,그렇긴 하지.
GREENROOM:5,프롤로그 · 대기실,(내레이션),하루는 아까부터 인이어를 뺐다 꼈다 하고 있다.,하루는 아까부터 인이어를 뺐다 꼈다 하고 있다.
GREENROOM:6,프롤로그 · 대기실,소마,"또 저런다. 야, 긴장했냐?",또 저런다. 쟤는 긴장하면 꼭 인이어를 만지더라.
GREENROOM:7,프롤로그 · 대기실,키리야,첫 방송인데 긴장 안 하는 게 더 이상하지. 난 손이 다 차가워.,첫 방송인데 긴장 안 하는 게 더 이상하지. 난 손이 다 차가워.
GREENROOM:8,프롤로그 · 대기실,미카미,"SIGNAL LOST 여러분, 10분 뒤에 스탠바이 부탁드립니다.","SIGNAL LOST 여러분, 10분 뒤에 스탠바이 부탁드립니다."
GREENROOM:9,프롤로그 · 대기실,미카미,방송 쪽은 걱정 마세요. 저희가 다 준비해 뒀습니다.,방송 쪽은 걱정 마세요. 저희가 다 준비해 뒀습니다.
GREENROOM:10,프롤로그 · 대기실,하루,……네.,……네.
GREENROOM:11,프롤로그 · 대기실,(내레이션),삐이이이.,삐이이이.
GREENROOM:12,프롤로그 · 대기실,(내레이션),귀 안쪽에서 가늘고 높은 소리가 길게 이어진다. 주변 소리가 점점 멀어진다.,귀 안쪽에서 가늘고 높은 소리가 길게 이어진다. 주변 소리가 점점 멀어진다.
GREENROOM:13,프롤로그 · 대기실,하루,"@NAME, 야. 괜찮아?","@NAME, 야. 괜찮아?"
GREENROOM:14.c1,프롤로그 · 대기실 · 선택지 1,(선택지),"""괜찮아.""","""괜찮아."""
GREENROOM:14.c2,프롤로그 · 대기실 · 선택지 2,(선택지),"""응, 좀 긴장했나 봐.""","""응, 좀 긴장했나 봐."""
GREENROOM:14.c3,프롤로그 · 대기실 · 선택지 3,(선택지),(고개를 끄덕인다),(고개를 끄덕인다)
GREENROOM:15.1,프롤로그 · 대기실 · 선택지 1을 골랐을 때,하루,그래. 네가 괜찮으면 됐어.,그래. 네가 괜찮으면 됐어.
GREENROOM:15.2,프롤로그 · 대기실 · 선택지 2을 골랐을 때,하루,다행이다. 나만 떨리는 줄 알았네.,다행이다. 나만 떨리는 줄 알았네.
GREENROOM:15.3,프롤로그 · 대기실 · 선택지 3을 골랐을 때,하루,말로 해. 그래야 믿지.,말로 해. 그래야 믿지.
GREENROOM:16,프롤로그 · 대기실,하루,요즘 귀가 안 좋다고 했었나?,가자. 오늘 제대로 한번 울려 보자.
,프롤로그 · 대기실 · 추가,하루,"뭐, 음악을 많이 들어서 그렇겠지.",
,프롤로그 · 대기실 · 추가,하루,이번 공연 끝나면 좀 쉬어.,
,프롤로그 · 대기실 · 추가,하루,"가자, 드디어 큰 무대 데뷔야, @NAME.",
S_CALL:0,1년 후 · 걸려 온 전화,(내레이션),그 사건으로부터 1년인가.,요즘은 이어폰을 오른쪽에만 끼고 다닌다.
S_CALL:1,1년 후 · 걸려 온 전화,(내레이션),귀는 거의 다 나았다고 했다. 그래도 그날 우리 밴드의 추락을 잊을 순 없다.,왼쪽 귀는 거의 다 나았다고 했다. 그래도 조용한 곳에 있으면 그날 일이 먼저 떠오른다.
S_CALL:2,1년 후 · 걸려 온 전화,(내레이션),주머니에서 휴대폰이 울린다. 모르는 번호다.,주머니에서 휴대폰이 울린다. 모르는 번호다.
S_CALL:3,1년 후 · 걸려 온 전화,@NAME,여보세요?,여보세요?
S_CALL:4,1년 후 · 걸려 온 전화,저장 안 된 번호,드디어 받네. 1년 동안 문자를 몇 통이나 보낸 줄 알아?,드디어 받네. 1년 동안 문자를 몇 통이나 보낸 줄 알아?
S_CALL:5,1년 후 · 걸려 온 전화,저장 안 된 번호,"0dB 세리자와야. 너희 첫 공연 했던 지하 라이브하우스, 기억해? 너희 사인도 아직 있는데!",0dB 세리자와야. 너희 첫 공연 했던 지하 라이브하우스. 대기실 벽에 너희 사인 아직 그대로 있어.
S_CALL:6,1년 후 · 걸려 온 전화,세리자와 점장,"용건만 말할게. 알바 한 명이 갑자기 그만뒀거든. 케이블 감고, 조명 켜고, 공연 끝나면 바닥 닦는 일이야.","용건만 말할게. 알바 한 명이 갑자기 그만뒀거든. 케이블 감고, 조명 켜고, 공연 끝나면 바닥 닦는 일이야."
S_CALL:7,1년 후 · 걸려 온 전화,세리자와 점장,0dB에서 알바 할래?,0dB에서 알바 할래?
S_CALL:8.c1,1년 후 · 걸려 온 전화 · 선택지 1,(선택지),"""저 이제 음악 안 해요.""","""저 이제 음악 안 해요."""
S_CALL:8.c2,1년 후 · 걸려 온 전화 · 선택지 2,(선택지),"""왜 하필 저예요?""","""왜 하필 저예요?"""
S_CALL:8.c3,1년 후 · 걸려 온 전화 · 선택지 3,(선택지),(대답하지 않는다),(대답하지 않는다)
S_CALL:9.1,1년 후 · 걸려 온 전화 · 선택지 1을 골랐을 때,세리자와 점장,누가 음악 하랬어? 케이블 감으라고.,누가 음악 하랬어? 케이블 감으라고.
S_CALL:9.2,1년 후 · 걸려 온 전화 · 선택지 2을 골랐을 때,세리자와 점장,케이블을 제일 깔끔하게 감던 게 너였으니까. 그냥 생각이 난 거지.,케이블을 제일 깔끔하게 감던 게 너였으니까.
S_CALL:9.3,1년 후 · 걸려 온 전화 · 선택지 3을 골랐을 때,세리자와 점장,대답하기 싫으면 안 해도 돼. 끊지만 마.,대답하기 싫으면 안 해도 돼. 끊지만 마.
S_CALL:10,1년 후 · 걸려 온 전화,세리자와 점장,"그리고, 이 바닥은 떠나기가 그렇게 쉽지 않다고. 다음 주 월요일 저녁 여섯 시에 가게 앞으로 와. ",다음 주 월요일 저녁 여섯 시에 가게 앞으로 와. 안 오면 안 하는 걸로 알게.
S_CALL:11,1년 후 · 걸려 온 전화,@NAME,저는……,저는……
S_CALL:12,1년 후 · 걸려 온 전화,(내레이션),떠나기 쉽지 않다라.,"대답하려는 순간, 귀 안쪽에서 찌직 하고 신호가 튀었다."
,1년 후 · 걸려 온 전화 · 추가,(내레이션),아무래도 그녀의 말이 맞았던 것 같다.,
AFTER47:0,47초 이후 컷신 · 그날 밤 휴대폰 · 장소 표시,(내레이션),8월 11일 · 밤 · 나기사카 시립병원,8월 11일 · 밤 · 나기사카 시립병원
AFTER47:1,47초 이후 컷신 · 그날 밤 휴대폰 · 시계,(내레이션),23:47,23:47
AFTER47:2,47초 이후 컷신 · 그날 밤 휴대폰 · 날짜,(내레이션),8월 11일 (일),8월 11일 (일)
AFTER47:3,47초 이후 컷신 · 그날 밤 휴대폰 · 알림,PULSE,@bluehour_live 님이 회원님을 태그했습니다.,@bluehour_live 님이 회원님을 태그했습니다.
AFTER47:4,47초 이후 컷신 · 그날 밤 휴대폰 · 알림,PULSE,"【방송사고】 SIGNAL LOST 47초 무음… 굳어 있던 센터, 결국 무대에서 쓰러져","【방송사고】 SIGNAL LOST 47초 무음… 굳어 있던 센터, 결국 무대에서 쓰러져"
AFTER47:5,47초 이후 컷신 · 그날 밤 휴대폰 · 알림,SIGNAL LOST,소마: 병원 어디야? 지금 가도 돼?,소마: 병원 어디야? 지금 가도 돼?
AFTER47:6,47초 이후 컷신 · 그날 밤 휴대폰 · 알림,부재중 전화,키리야 (3),키리야 (3)
AFTER47:7,47초 이후 컷신 · 그날 밤 휴대폰 · 알림,PULSE,"회원님이 언급된 게시물이 1,248개 있습니다.","회원님이 언급된 게시물이 1,248개 있습니다."
AFTER47:8,47초 이후 컷신 · 그날 밤 휴대폰 · 알림,PULSE,「47초 버티기 챌린지」에 회원님이 태그되었습니다.,「47초 버티기 챌린지」에 회원님이 태그되었습니다.
AFTER47:9,47초 이후 컷신 · 그날 밤 휴대폰 · 알림,SIGNAL LOST,키리야: 레이블에서 연락 왔어,키리야: 레이블에서 연락 왔어
AFTER47:10,47초 이후 컷신 · 그날 밤 휴대폰 · 알림,PULSE,@riff_daily: 음향사고가 아니라 실력사고,@riff_daily: 음향사고가 아니라 실력사고
AFTER47:11,47초 이후 컷신 · 그날 밤 휴대폰 · 알림,문자,저장 안 된 번호: 괜찮으면 연락 줘. 0dB 세리자와,저장 안 된 번호: 괜찮으면 연락 줘. 0dB 세리자와
AFTER47:12,47초 이후 컷신 · 그날 밤 휴대폰 · 알림,PULSE,"새 팔로워 2,031명","새 팔로워 2,031명"
AFTER47:13,47초 이후 컷신 · 그날 밤 휴대폰 · 자막,(내레이션),"그날 밤, 병원 침대 옆에서 휴대폰 진동이 멈추지 않았다.","그날 밤, 병원 침대 옆에서 휴대폰 진동이 멈추지 않았다."
AFTER47:14,47초 이후 컷신 · 그날 밤 휴대폰 · 자막,(내레이션),무대 영상은 벌써 「47초 프리즈」라는 이름으로 돌고 있었다.,무대 영상은 벌써 「47초 프리즈」라는 이름으로 돌고 있었다.
AFTER47:15,47초 이후 컷신 · 그날 밤 휴대폰 · 자막,(내레이션),휴대폰을 뒤집어 놓았다. 진동은 그래도 손바닥으로 전해졌다.,휴대폰을 뒤집어 놓았다. 진동은 그래도 손바닥으로 전해졌다.
AFTER47:16,47초 이후 컷신 · 청력 검사 · 장소 표시,(내레이션),8월 13일 · 나기사카 시립병원 이비인후과,8월 13일 · 나기사카 시립병원 이비인후과
AFTER47:17,47초 이후 컷신 · 청력 검사 · 화면 문구,(내레이션),순음 청력 검사,순음 청력 검사
AFTER47:18,47초 이후 컷신 · 청력 검사 · 화면 문구,(내레이션),소리가 들리면 버튼을 누르세요,소리가 들리면 버튼을 누르세요
AFTER47:19,47초 이후 컷신 · 청력 검사 · 자막,(내레이션),오른쪽 귀는 금방 끝났다.,오른쪽 귀는 금방 끝났다.
AFTER47:20,47초 이후 컷신 · 청력 검사 · 자막,(내레이션),왼쪽으로 넘어가자 버튼을 누를 일이 점점 줄었다.,왼쪽으로 넘어가자 버튼을 누를 일이 점점 줄었다.
AFTER47:21,47초 이후 컷신 · 청력 검사 · 도장,(내레이션),왼쪽 · 돌발성 난청,왼쪽 · 돌발성 난청
AFTER47:22,47초 이후 컷신 · 청력 검사 · 자막,의사,왼쪽 고음역이 많이 떨어졌어요. 돌발성 난청입니다.,왼쪽 고음역이 많이 떨어졌어요. 돌발성 난청입니다.
AFTER47:23,47초 이후 컷신 · 청력 검사 · 자막,의사,바로 치료하면 회복될 가능성이 높아요. 당분간 큰 소리는 피하세요.,바로 치료하면 회복될 가능성이 높아요. 당분간 큰 소리는 피하세요.
AFTER47:24,47초 이후 컷신 · 청력 검사 · 자막,(내레이션),진단서는 접어서 가방 안쪽 주머니에 넣었다. 아무한테도 말하지 않았다.,진단서는 접어서 가방 안쪽 주머니에 넣었다. 아무한테도 말하지 않았다.
AFTER47:25,47초 이후 컷신 · 하루 계약 기사 · 장소 표시,(내레이션),8월 18일,8월 18일
AFTER47:26,47초 이후 컷신 · 하루 계약 기사 · 사이트 이름,(내레이션),MUSIC NOW,MUSIC NOW
AFTER47:27,47초 이후 컷신 · 하루 계약 기사 · 분류,(내레이션),뉴스 · 계약,뉴스 · 계약
AFTER47:28,47초 이후 컷신 · 하루 계약 기사 · 제목,(내레이션),"크레셴도 레코드, 전 SIGNAL LOST 기타리스트 츠키시마 하루와 전속 계약","크레셴도 레코드, 전 SIGNAL LOST 기타리스트 츠키시마 하루와 전속 계약"
AFTER47:29,47초 이후 컷신 · 하루 계약 기사 · 본문,(내레이션),"지난 11일 블루 아워 페스 무대 사고 이후 해체 수순에 들어간 밴드 SIGNAL LOST의 기타리스트 츠키시마 하루가 크레셴도 레코드와 솔로 전속 계약을 맺었다. 레이블 측은 ""하루의 새 출발을 전폭적으로 지원하겠다""고 밝혔다.","지난 11일 블루 아워 페스 무대 사고 이후 해체 수순에 들어간 밴드 SIGNAL LOST의 기타리스트 츠키시마 하루가 크레셴도 레코드와 솔로 전속 계약을 맺었다. 레이블 측은 ""하루의 새 출발을 전폭적으로 지원하겠다""고 밝혔다."
AFTER47:30,47초 이후 컷신 · 하루 계약 기사 · 사진 설명,(내레이션),츠키시마 하루 · 크레셴도 레코드 제공,츠키시마 하루 · 크레셴도 레코드 제공
AFTER47:31,47초 이후 컷신 · 하루 계약 기사 · 댓글,@yuu_rockin,배신자,배신자
AFTER47:32,47초 이후 컷신 · 하루 계약 기사 · 댓글,@tanaka_m,밴드 망하자마자 혼자 갈아탔네,밴드 망하자마자 혼자 갈아탔네
AFTER47:33,47초 이후 컷신 · 하루 계약 기사 · 댓글,@riff_daily,47초 그 밴드? 기타만 살아남았네ㅋㅋ,47초 그 밴드? 기타만 살아남았네ㅋㅋ
AFTER47:34,47초 이후 컷신 · 하루 계약 기사 · 댓글,@minori_07,이럴 줄 알았음,이럴 줄 알았음
AFTER47:35,47초 이후 컷신 · 하루 계약 기사 · 댓글,@k_n,센터만 불쌍하게 됐다,센터만 불쌍하게 됐다
AFTER47:36,47초 이후 컷신 · 하루 계약 기사 · 댓글,@anon_2231,쓰러진 멤버 두고 혼자 계약이라니,쓰러진 멤버 두고 혼자 계약이라니
AFTER47:37,47초 이후 컷신 · 하루 계약 기사 · 댓글,@lol_lol,배신자,배신자
AFTER47:38,47초 이후 컷신 · 하루 계약 기사 · 댓글,@nana,배신자ㅋㅋ,배신자ㅋㅋ
AFTER47:39,47초 이후 컷신 · 하루 계약 기사 · 화면을 덮는 말,(내레이션),배신자,배신자
AFTER47:40,47초 이후 컷신 · 하루 계약 기사 · 자막,(내레이션),"일주일 뒤, 하루가 크레셴도 레코드와 계약했다는 기사가 떴다.","일주일 뒤, 하루가 크레셴도 레코드와 계약했다는 기사가 떴다."
AFTER47:41,47초 이후 컷신 · 하루 계약 기사 · 자막,(내레이션),다들 하루를 배신자라고 불렀다.,다들 하루를 배신자라고 불렀다.
AFTER47:42,47초 이후 컷신 · 하루 계약 기사 · 자막,(내레이션),나는 하루에게 아무것도 묻지 않았다.,나는 하루에게 아무것도 묻지 않았다.
AFTER47:43,47초 이후 컷신 · 단톡방 · 장소 표시,(내레이션),8월 11일 ~ 9월 2일,8월 11일 ~ 9월 2일
AFTER47:44,47초 이후 컷신 · 단톡방 · 방 이름,(내레이션),SIGNAL LOST,SIGNAL LOST
AFTER47:45,47초 이후 컷신 · 단톡방 · 예전 메시지,키리야,내일 7시 집합. 늦으면 라멘 사기,내일 7시 집합. 늦으면 라멘 사기
AFTER47:46,47초 이후 컷신 · 단톡방 · 예전 메시지,하루,인이어 예비 하나씩 챙겨,인이어 예비 하나씩 챙겨
AFTER47:47,47초 이후 컷신 · 단톡방 · 예전 메시지,@NAME,알았어,알았어
AFTER47:48,47초 이후 컷신 · 단톡방 · 날짜 구분,(내레이션),8월 11일 (일),8월 11일 (일)
AFTER47:49,47초 이후 컷신 · 단톡방 · 메시지,소마,병원 어디야? 지금 가도 돼?,병원 어디야? 지금 가도 돼?
AFTER47:50,47초 이후 컷신 · 단톡방 · 메시지,키리야,레이블에서 연락 왔어. 내일 사무실로 오래,레이블에서 연락 왔어. 내일 사무실로 오래
AFTER47:51,47초 이후 컷신 · 단톡방 · 메시지,소마,@NAME 괜찮아? 답 좀 해 줘,@NAME 괜찮아? 답 좀 해 줘
AFTER47:52,47초 이후 컷신 · 단톡방 · 입력했다 지우는 말,(내레이션),사실 그때 귀가,사실 그때 귀가
AFTER47:53,47초 이후 컷신 · 단톡방 · 날짜 구분,(내레이션),8월 14일 (수),8월 14일 (수)
AFTER47:54,47초 이후 컷신 · 단톡방 · 메시지,키리야,우리 이제 어떻게 되는 거야,우리 이제 어떻게 되는 거야
AFTER47:55,47초 이후 컷신 · 단톡방 · 메시지,소마,하루야 전화 좀 받아,하루야 전화 좀 받아
AFTER47:56,47초 이후 컷신 · 단톡방 · 날짜 구분,(내레이션),8월 19일 (월),8월 19일 (월)
AFTER47:57,47초 이후 컷신 · 단톡방 · 시스템 메시지,(내레이션),하루 님이 나갔습니다.,하루 님이 나갔습니다.
AFTER47:58,47초 이후 컷신 · 단톡방 · 날짜 구분,(내레이션),9월 2일 (월),9월 2일 (월)
AFTER47:59,47초 이후 컷신 · 단톡방 · 메시지,소마,해체 공지 올라갔어. 다들 몸 챙겨.,해체 공지 올라갔어. 다들 몸 챙겨.
AFTER47:60,47초 이후 컷신 · 단톡방 · 입력했다 지우는 말,(내레이션),미안,미안
AFTER47:61,47초 이후 컷신 · 단톡방 · 자막,(내레이션),단톡방은 조금씩 조용해졌다.,단톡방은 조금씩 조용해졌다.
AFTER47:62,47초 이후 컷신 · 단톡방 · 자막,(내레이션),결국 아무것도 보내지 못했다.,결국 아무것도 보내지 못했다.
AFTER47:63,47초 이후 컷신 · 옷장 · 장소 표시,(내레이션),9월 · 밤,9월 · 밤
AFTER47:64,47초 이후 컷신 · 옷장 · 스티커,(내레이션),SIGNAL LOST,SIGNAL LOST
AFTER47:65,47초 이후 컷신 · 옷장 · 자막,(내레이션),케이스를 옷장 안쪽에 세워 두고 문을 닫았다.,케이스를 옷장 안쪽에 세워 두고 문을 닫았다.
AFTER47:66,47초 이후 컷신 · 옷장 · 자막,(내레이션),그 뒤로 1년 동안 그 문을 열지 않았다.,그 뒤로 1년 동안 그 문을 열지 않았다.
REN_MEET:0,첫 만남 · 멘야 도돈 (렌),(내레이션),가게 안은 좁다. 카운터 여덟 자리에 손님은 한 명도 없다.,가게 안은 좁다. 카운터 여덟 자리에 손님은 한 명도 없다.
REN_MEET:1,첫 만남 · 멘야 도돈 (렌),(내레이션),"카운터 안쪽에서 키 큰 남자가 파를 썰고 있다. 탁, 탁, 탁. 밖에서 들은 그 소리다.","카운터 안쪽에서 키 큰 남자가 파를 썰고 있다. 탁, 탁, 탁. 밖에서 들은 그 소리다."
REN_MEET:2,첫 만남 · 멘야 도돈 (렌),키 큰 점원,어서 오세요. 편한 데 앉으세요.,어서 오세요. 편한 데 앉으세요.
REN_MEET:3,첫 만남 · 멘야 도돈 (렌),(내레이션),머리가 문틀에 닿을 만큼 크고 눈매가 사납다. 그런데 목소리는 조용하다.,머리가 문틀에 닿을 만큼 크고 눈매가 사납다. 그런데 목소리는 조용하다.
REN_MEET:4,첫 만남 · 멘야 도돈 (렌),키 큰 점원,뭐로 드릴까요?,뭐로 드릴까요?
REN_MEET:5.c1,첫 만남 · 멘야 도돈 (렌) · 선택지 1,(선택지),"""제일 잘 나가는 걸로요.""","""제일 잘 나가는 걸로요."""
REN_MEET:5.c2,첫 만남 · 멘야 도돈 (렌) · 선택지 2,(선택지),"""칼질 소리가 되게 일정하네요.""","""칼질 소리가 되게 일정하네요."""
REN_MEET:5.c3,첫 만남 · 멘야 도돈 (렌) · 선택지 3,(선택지),"""차슈 추가해 주세요.""","""차슈 추가해 주세요."""
REN_MEET:6.1,첫 만남 · 멘야 도돈 (렌) · 선택지 1을 골랐을 때,키 큰 점원,간장이요. 5분 걸려요.,간장이요. 5분 걸려요.
REN_MEET:6.2,첫 만남 · 멘야 도돈 (렌) · 선택지 2을 골랐을 때,키 큰 점원,……들리세요?,……들리세요?
REN_MEET:6.3,첫 만남 · 멘야 도돈 (렌) · 선택지 3을 골랐을 때,키 큰 점원,두 장 더 얹어 드릴게요. 오늘 첫 손님이라서요.,두 장 더 얹어 드릴게요. 오늘 첫 손님이라서요.
REN_MEET:7,첫 만남 · 멘야 도돈 (렌),키 큰 점원,120이에요. 파는 그 속도로 썰어야 고르게 썰리거든요.,120이에요. 파는 그 속도로 썰어야 고르게 썰리거든요.
REN_MEET:8,첫 만남 · 멘야 도돈 (렌),@NAME,120이요?,120이요?
REN_MEET:9,첫 만남 · 멘야 도돈 (렌),키 큰 점원,"BPM이요. 아, 신경 쓰지 마세요. 버릇이라.","BPM이요. 아, 신경 쓰지 마세요. 버릇이라."
REN_MEET:10,첫 만남 · 멘야 도돈 (렌),(내레이션),"면 삶는 물이 끓고, 국자가 냄비 가장자리를 두 번 친다. 소리마다 간격이 맞는다.","면 삶는 물이 끓고, 국자가 냄비 가장자리를 두 번 친다. 소리마다 간격이 맞는다."
REN_MEET:11,첫 만남 · 멘야 도돈 (렌),가게 안쪽,"렌, 불 줄여라. 국물 넘친다.","렌, 불 줄여라. 국물 넘친다."
REN_MEET:12,첫 만남 · 멘야 도돈 (렌),키 큰 점원,네.,네.
REN_MEET:13,첫 만남 · 멘야 도돈 (렌),(내레이션),렌이라고 불린 남자가 불을 줄이고 그릇을 내 앞에 내려놓는다. 그릇 놓는 소리까지 박자에 맞았다.,렌이라고 불린 남자가 불을 줄이고 그릇을 내 앞에 내려놓는다. 그릇 놓는 소리까지 박자에 맞았다.
REN_MEET:14,첫 만남 · 멘야 도돈 (렌),렌,"……손님, 손끝이 딱딱하시네요.","……손님, 손끝이 딱딱하시네요."
REN_MEET:15,첫 만남 · 멘야 도돈 (렌),@NAME,네?,네?
REN_MEET:16,첫 만남 · 멘야 도돈 (렌),렌,"아, 죄송해요. 줄 누르는 손 같아서요.","아, 죄송해요. 줄 누르는 손 같아서요."
REN_MEET:17.c1,첫 만남 · 멘야 도돈 (렌) · 선택지 1,(선택지),"""예전에 좀 쳤어요.""","""예전에 좀 쳤어요."""
REN_MEET:17.c2,첫 만남 · 멘야 도돈 (렌) · 선택지 2,(선택지),"""그냥 굳은살이에요.""","""그냥 굳은살이에요."""
REN_MEET:18.1,첫 만남 · 멘야 도돈 (렌) · 선택지 1을 골랐을 때,렌,그렇구나. 저도 예전에 좀 쳤어요.,그렇구나. 저도 예전에 좀 쳤어요.
REN_MEET:18.2,첫 만남 · 멘야 도돈 (렌) · 선택지 2을 골랐을 때,렌,그렇구나.,그렇구나.
REN_MEET:19,첫 만남 · 멘야 도돈 (렌),(내레이션),렌은 더 묻지 않고 행주로 카운터를 닦았다. 벽에 드럼 스틱 한 쌍이 걸려 있다. 끝이 하얗게 닳았다.,렌은 더 묻지 않고 행주로 카운터를 닦았다. 벽에 드럼 스틱 한 쌍이 걸려 있다. 끝이 하얗게 닳았다.
REN_MEET:20,첫 만남 · 멘야 도돈 (렌),렌,천천히 드세요. 국물 식으면 짜져요.,천천히 드세요. 국물 식으면 짜져요.
NATSU_MEET:0,첫 만남 · 헌옷가게 (나츠),(내레이션),헌옷가게 가판대 옆에서 앞치마를 두른 금발 남자애가 기타를 안고 있다. 머리에는 얇은 헤어밴드를 했다.,헌옷가게 가판대 옆에서 앞치마를 두른 금발 남자애가 기타를 안고 있다. 머리에는 얇은 헤어밴드를 했다.
NATSU_MEET:1,첫 만남 · 헌옷가게 (나츠),(내레이션),"손님을 부르는 건지 연습을 하는 건지 모르겠다. C, G, Am까지 치고 F로 넘어간다.","손님을 부르는 건지 연습을 하는 건지 모르겠다. C, G, Am까지 치고 F로 넘어간다."
NATSU_MEET:2,첫 만남 · 헌옷가게 (나츠),(내레이션),F에서 또 소리가 죽었다.,F에서 또 소리가 죽었다.
NATSU_MEET:3,첫 만남 · 헌옷가게 (나츠),헌옷가게 알바,"아, 진짜. 왜 너만 안 되냐고.","아, 진짜. 왜 너만 안 되냐고."
NATSU_MEET:4,첫 만남 · 헌옷가게 (나츠),헌옷가게 알바,"아, 어서 오세요! 오늘 청재킷 30퍼센트……","아, 어서 오세요! 오늘 청재킷 30퍼센트……"
NATSU_MEET:5,첫 만남 · 헌옷가게 (나츠),헌옷가게 알바,……어?,……어?
NATSU_MEET:6,첫 만남 · 헌옷가게 (나츠),(내레이션),그 애가 기타를 안고 그대로 굳었다. 눈이 점점 커진다.,그 애가 기타를 안고 그대로 굳었다. 눈이 점점 커진다.
NATSU_MEET:7,첫 만남 · 헌옷가게 (나츠),헌옷가게 알바,혹시…… 아니다. 아니죠? 아닌가?,혹시…… 아니다. 아니죠? 아닌가?
NATSU_MEET:8.c1,첫 만남 · 헌옷가게 (나츠) · 선택지 1,(선택지),"""F는 검지를 좀 더 눕혀 봐.""","""F는 검지를 좀 더 눕혀 봐."""
NATSU_MEET:8.c2,첫 만남 · 헌옷가게 (나츠) · 선택지 2,(선택지),"""뭐가?""","""뭐가?"""
NATSU_MEET:8.c3,첫 만남 · 헌옷가게 (나츠) · 선택지 3,(선택지),"""청재킷 보러 왔는데.""","""청재킷 보러 왔는데."""
NATSU_MEET:9,첫 만남 · 헌옷가게 (나츠),헌옷가게 알바,이렇게요?,이렇게요?
NATSU_MEET:10,첫 만남 · 헌옷가게 (나츠),(내레이션),검지를 눕히자 여섯 줄이 한 번에 울렸다. 조금 떨리긴 해도 분명히 F다.,검지를 눕히자 여섯 줄이 한 번에 울렸다. 조금 떨리긴 해도 분명히 F다.
NATSU_MEET:11,첫 만남 · 헌옷가게 (나츠),헌옷가게 알바,났다. 소리 났어요!,났다. 소리 났어요!
NATSU_MEET:12,첫 만남 · 헌옷가게 (나츠),헌옷가게 알바,"아, 아니에요. 아는 사람이랑 너무 닮아서요.","아, 아니에요. 아는 사람이랑 너무 닮아서요."
NATSU_MEET:13,첫 만남 · 헌옷가게 (나츠),헌옷가게 알바,"아, 네! 이쪽이요! 이거 진짜 싸게 나온 거예요!","아, 네! 이쪽이요! 이거 진짜 싸게 나온 거예요!"
NATSU_MEET:14,첫 만남 · 헌옷가게 (나츠),가게 안쪽,나츠! 가판대 좀 들여놔. 비 온대.,나츠! 가판대 좀 들여놔. 비 온대.
NATSU_MEET:15,첫 만남 · 헌옷가게 (나츠),헌옷가게 알바,네에! 금방요!,네에! 금방요!
NATSU_MEET:16,첫 만남 · 헌옷가게 (나츠),나츠,저 주말엔 계속 여기 있어요. 또 오세요!,저 주말엔 계속 여기 있어요. 또 오세요!
NATSU_MEET:17,첫 만남 · 헌옷가게 (나츠),(내레이션),나츠라고 불린 애가 가판대를 끌고 들어가다가 문 앞에서 한 번 더 돌아봤다.,나츠라고 불린 애가 가판대를 끌고 들어가다가 문 앞에서 한 번 더 돌아봤다.
NATSU_MEET:18,첫 만남 · 헌옷가게 (나츠),나츠,……진짜 아니죠?,……진짜 아니죠?
NATSU_MEET:19,첫 만남 · 헌옷가게 (나츠),(내레이션),대답하기 전에 문이 닫혔다.,대답하기 전에 문이 닫혔다.
REI_MEET:0,첫 만남 · 레코드샵 (레이),(내레이션),"레코드샵은 좁고, 중고 LP와 오래된 종이 냄새가 난다. 가게 스피커에서 피아노 왈츠가 흘러나온다.","레코드샵은 좁고, 중고 LP와 오래된 종이 냄새가 난다. 가게 스피커에서 피아노 왈츠가 흘러나온다."
REI_MEET:1,첫 만남 · 레코드샵 (레이),(내레이션),"클래식 악보 코너 앞에 누가 서 있다. 긴 머리를 뒤로 묶고, 악보를 펼친 채 움직이지 않는다.","클래식 악보 코너 앞에 누가 서 있다. 긴 머리를 뒤로 묶고, 악보를 펼친 채 움직이지 않는다."
REI_MEET:2,첫 만남 · 레코드샵 (레이),(내레이션),LP를 넘기다 보니 발끝이 음악을 따라 바닥을 두드리고 있었다.,LP를 넘기다 보니 발끝이 음악을 따라 바닥을 두드리고 있었다.
REI_MEET:3,첫 만남 · 레코드샵 (레이),악보를 든 여자,저기.,저기.
REI_MEET:4,첫 만남 · 레코드샵 (레이),악보를 든 여자,"발, 그만. 그리고 틀렸어. 이건 3박자야.","발, 그만. 그리고 틀렸어. 이건 3박자야."
REI_MEET:5.c1,첫 만남 · 레코드샵 (레이) · 선택지 1,(선택지),"""미안. 버릇이라.""","""미안. 버릇이라."""
REI_MEET:5.c2,첫 만남 · 레코드샵 (레이) · 선택지 2,(선택지),"""방금 곡 바뀌었는데. 이건 4박자야.""","""방금 곡 바뀌었는데. 이건 4박자야."""
REI_MEET:5.c3,첫 만남 · 레코드샵 (레이) · 선택지 3,(선택지),(발을 멈추고 LP만 넘긴다),(발을 멈추고 LP만 넘긴다)
REI_MEET:6.1,첫 만남 · 레코드샵 (레이) · 선택지 1을 골랐을 때,악보를 든 여자,버릇이면 고쳐. 무대에서 제일 먼저 튀어나오는 게 버릇이니까.,버릇이면 고쳐. 무대에서 제일 먼저 튀어나오는 게 버릇이니까.
REI_MEET:6.2,첫 만남 · 레코드샵 (레이) · 선택지 2을 골랐을 때,악보를 든 여자,……그러네. 곡이 바뀌었어.,……그러네. 곡이 바뀌었어.
REI_MEET:6.3,첫 만남 · 레코드샵 (레이) · 선택지 3을 골랐을 때,악보를 든 여자,멈출 줄은 아네.,멈출 줄은 아네.
REI_MEET:7,첫 만남 · 레코드샵 (레이),악보를 든 여자,이번엔 네 말이 맞아.,이번엔 네 말이 맞아.
REI_MEET:8,첫 만남 · 레코드샵 (레이),(내레이션),그 사람은 악보를 덮고 계산대로 갔다.,그 사람은 악보를 덮고 계산대로 갔다.
REI_MEET:9,첫 만남 · 레코드샵 (레이),점원,"시라유키 레이 님, 예약하신 악보 들어왔어요. 이번에도 복사본밖에 없네요.","시라유키 레이 님, 예약하신 악보 들어왔어요. 이번에도 복사본밖에 없네요."
REI_MEET:10,첫 만남 · 레코드샵 (레이),악보를 든 여자,원본은 절판이니까요. 괜찮아요.,원본은 절판이니까요. 괜찮아요.
REI_MEET:11,첫 만남 · 레코드샵 (레이),(내레이션),레이라고 불린 사람이 봉투를 받아 들고 문을 나가다가 멈췄다.,레이라고 불린 사람이 봉투를 받아 들고 문을 나가다가 멈췄다.
REI_MEET:12,첫 만남 · 레코드샵 (레이),레이,너. 굳은살 위치 보니까 현악기 했지.,너. 굳은살 위치 보니까 현악기 했지.
REI_MEET:13,첫 만남 · 레코드샵 (레이),레이,근데 한동안 안 쳤네. 벗겨지는 중이야.,근데 한동안 안 쳤네. 벗겨지는 중이야.
REI_MEET:14.c1,첫 만남 · 레코드샵 (레이) · 선택지 1,(선택지),"""그걸 어떻게 알아?""","""그걸 어떻게 알아?"""
REI_MEET:14.c2,첫 만남 · 레코드샵 (레이) · 선택지 2,(선택지),"""……신경 쓰지 마.""","""……신경 쓰지 마."""
REI_MEET:15.1,첫 만남 · 레코드샵 (레이) · 선택지 1을 골랐을 때,레이,안 치는 손은 금방 보여. 나도 한동안 그랬거든.,안 치는 손은 금방 보여. 나도 한동안 그랬거든.
REI_MEET:15.2,첫 만남 · 레코드샵 (레이) · 선택지 2을 골랐을 때,레이,신경 안 써. 그냥 남의 손 보는 버릇이 있어서 그래.,신경 안 써. 그냥 남의 손 보는 버릇이 있어서 그래.
REI_MEET:16,첫 만남 · 레코드샵 (레이),(내레이션),"문에 달린 종이 한 번 울리고, 가게에는 다시 왈츠만 남았다.","문에 달린 종이 한 번 울리고, 가게에는 다시 왈츠만 남았다."
E1_1:0,1-1 · 반쯤 꺼진 간판,(내레이션),"월요일 저녁, 여섯 시 오 분 전이다.","월요일 저녁, 여섯 시 오 분 전이다."
E1_1:1,1-1 · 반쯤 꺼진 간판,(내레이션),상점가 끝에 지하로 내려가는 계단이 있다. 「0dB」 간판은 불이 반쯤 나가 있다.,상점가 끝에 지하로 내려가는 계단이 있다. 「0dB」 간판은 불이 반쯤 나가 있다.
E1_1:2,1-1 · 반쯤 꺼진 간판,(내레이션),지난 1년 동안은 이 앞을 지날 때마다 일부러 길을 건넜다.,지난 1년 동안은 이 앞을 지날 때마다 일부러 길을 건넜다.
E1_1:3,1-1 · 반쯤 꺼진 간판,세리자와 점장,오 분 일찍 왔네. 대답은 들은 걸로 할게.,오 분 일찍 왔네. 대답은 들은 걸로 할게.
E1_1:4,1-1 · 반쯤 꺼진 간판,@NAME,아직 아무 말도 안 했는데요.,아직 아무 말도 안 했는데요.
E1_1:5,1-1 · 반쯤 꺼진 간판,세리자와 점장,여기까지 내려온 게 대답이지. 들어와.,여기까지 내려온 게 대답이지. 들어와.
E1_1:6,1-1 · 반쯤 꺼진 간판,(내레이션),지하 1층 홀은 관객이 80명만 들어와도 꽉 찬다. 천장 조명 몇 개는 꺼진 채 매달려 있다.,지하 1층 홀은 관객이 80명만 들어와도 꽉 찬다. 천장 조명 몇 개는 꺼진 채 매달려 있다.
E1_1:7,1-1 · 반쯤 꺼진 간판,세리자와 점장,"일은 간단해. 공연 있는 날 오후에 와서 케이블 깔고, 끝나면 정리하고.","일은 간단해. 공연 있는 날 오후에 와서 케이블 깔고, 끝나면 정리하고."
E1_1:8,1-1 · 반쯤 꺼진 간판,세리자와 점장,시급은 짜. 대신 연습실은 비어 있으면 공짜로 써.,시급은 짜. 대신 연습실은 비어 있으면 공짜로 써.
E1_1:9,1-1 · 반쯤 꺼진 간판,(내레이션),"무대 쪽에서 마이크 테스트 소리가 들린다. 원, 투. 원, 투.","무대 쪽에서 마이크 테스트 소리가 들린다. 원, 투. 원, 투."
E1_1:10,1-1 · 반쯤 꺼진 간판,(내레이션),마이크 앞에 누가 서 있다. 얼굴 아래쪽을 검은 마스크로 가렸다.,마이크 앞에 누가 서 있다. 얼굴 아래쪽을 검은 마스크로 가렸다.
E1_1:11,1-1 · 반쯤 꺼진 간판,마스크 쓴 여자,"점장님, 모니터에서 또 하울링 나요. 이거 언제 고쳐 줘요?","점장님, 모니터에서 또 하울링 나요. 이거 언제 고쳐 줘요?"
E1_1:12,1-1 · 반쯤 꺼진 간판,세리자와 점장,"마침 고칠 사람 왔어. 루이, 오늘부터 여기서 일할 애야.","마침 고칠 사람 왔어. 루이, 오늘부터 여기서 일할 애야."
E1_1:13,1-1 · 반쯤 꺼진 간판,루이,"아, 그래요? 잘 부탁……","아, 그래요? 잘 부탁……"
E1_1:14,1-1 · 반쯤 꺼진 간판,루이,……잠깐만.,……잠깐만.
E1_1:15,1-1 · 반쯤 꺼진 간판,루이,"너, 그 영상에 나온 사람 맞지? 무대에서 굳어 있다가 쓰러졌잖아.","너, 그 영상에 나온 사람 맞지? 무대에서 굳어 있다가 쓰러졌잖아."
E1_1:16.c1,1-1 · 반쯤 꺼진 간판 · 선택지 1,(선택지),"""사람 잘못 봤어.""","""사람 잘못 봤어."""
E1_1:16.c2,1-1 · 반쯤 꺼진 간판 · 선택지 2,(선택지),"""……맞아.""","""……맞아."""
E1_1:16.c3,1-1 · 반쯤 꺼진 간판 · 선택지 3,(선택지),(말없이 모니터 스피커 쪽으로 간다),(말없이 모니터 스피커 쪽으로 간다)
E1_1:17.1,1-1 · 반쯤 꺼진 간판 · 선택지 1을 골랐을 때,루이,그래? 목소리까지 똑같은데.,그래? 목소리까지 똑같은데.
E1_1:17.2,1-1 · 반쯤 꺼진 간판 · 선택지 2을 골랐을 때,루이,……그렇게 바로 인정할 줄은 몰랐네.,……그렇게 바로 인정할 줄은 몰랐네.
E1_1:17.3,1-1 · 반쯤 꺼진 간판 · 선택지 3을 골랐을 때,루이,대답도 안 하고 일부터 하는 거야?,대답도 안 하고 일부터 하는 거야?
E1_1:18,1-1 · 반쯤 꺼진 간판,세리자와 점장,"루이, 괴롭히지 마. 얘 이제 직원이야.","루이, 괴롭히지 마. 얘 이제 직원이야."
E1_1:19,1-1 · 반쯤 꺼진 간판,루이,안 괴롭혔거든요. 확인만 했어요.,안 괴롭혔거든요. 확인만 했어요.
E1_1:20,1-1 · 반쯤 꺼진 간판,(내레이션),모니터 스피커 뒤쪽 케이블을 뽑았다가 다시 꽂는다. 생각보다 손이 먼저 움직였다.,모니터 스피커 뒤쪽 케이블을 뽑았다가 다시 꽂는다. 생각보다 손이 먼저 움직였다.
E1_1:21,1-1 · 반쯤 꺼진 간판,(내레이션),하울링이 멈추고 홀이 조용해진다.,하울링이 멈추고 홀이 조용해진다.
E1_1:22,1-1 · 반쯤 꺼진 간판,(내레이션),조용해지자 귀 안쪽이 다시 울리기 시작한다.,조용해지자 귀 안쪽이 다시 울리기 시작한다.
E1_1:23,1-1 · 반쯤 꺼진 간판,루이,……고쳤네.,……고쳤네.
E1_1:24,1-1 · 반쯤 꺼진 간판,루이,고치라고 한 건 점장님이지만…… 고마워.,고치라고 한 건 점장님이지만…… 고마워.
E1_1:25,1-1 · 반쯤 꺼진 간판,(내레이션),루이는 마이크를 스탠드에 꽂아 두고 무대 뒤로 사라졌다.,루이는 마이크를 스탠드에 꽂아 두고 무대 뒤로 사라졌다.
E1_1:26,1-1 · 반쯤 꺼진 간판,세리자와 점장,"매주 오픈 마이크 자리 달라고 찾아오는 애야. 노래는 좋은데, 반주해 줄 사람이 잘 안 붙어.","매주 오픈 마이크 자리 달라고 찾아오는 애야. 노래는 좋은데, 반주해 줄 사람이 잘 안 붙어."
E1_1:27,1-1 · 반쯤 꺼진 간판,세리자와 점장,다음 오픈 마이크는 19일 토요일. 너도 나가고 싶으면 말하고.,다음 오픈 마이크는 19일 토요일. 너도 나가고 싶으면 말하고.
E1_1:28,1-1 · 반쯤 꺼진 간판,@NAME,저는 케이블 감으러 온 건데요.,저는 케이블 감으러 온 건데요.
E1_1:29,1-1 · 반쯤 꺼진 간판,세리자와 점장,알아. 그러니까 나가고 싶어지면 말하라고.,알아. 그러니까 나가고 싶어지면 말하라고.
E1_2:0,1-2 · 케이블 감는 법,(내레이션),공연 네 시간 전인데 무대 위에는 케이블이 잔뜩 쌓여 있다.,공연 네 시간 전인데 무대 위에는 케이블이 잔뜩 쌓여 있다.
E1_2:1,1-2 · 케이블 감는 법,세리자와 점장,감는 법 기억나? 팔꿈치에 감지 말고 손으로 원 그리면서. 꼬이면 다음 사람이 고생해.,감는 법 기억나? 팔꿈치에 감지 말고 손으로 원 그리면서. 꼬이면 다음 사람이 고생해.
E1_2:2,1-2 · 케이블 감는 법,(내레이션),"한 바퀴는 바로 감고, 다음 바퀴는 뒤집어서 감는다. 다행히 감는 법은 아직 안 잊었다.","한 바퀴는 바로 감고, 다음 바퀴는 뒤집어서 감는다. 다행히 감는 법은 아직 안 잊었다."
E1_2:3,1-2 · 케이블 감는 법,세리자와 점장,제일 깔끔하게 감는 건 여전하네.,제일 깔끔하게 감는 건 여전하네.
E1_2:4,1-2 · 케이블 감는 법,세리자와 점장,"나도 옛날에 여기서 무대 섰었어. 줄 끊어지고, 앰프 나가고, 관객 반이 나간 날도 있었지.","나도 옛날에 여기서 무대 섰었어. 줄 끊어지고, 앰프 나가고, 관객 반이 나간 날도 있었지."
E1_2:5,1-2 · 케이블 감는 법,세리자와 점장,그래도 다음 주에 또 섰어. 그러다 보니 가게까지 차렸고.,그래도 다음 주에 또 섰어. 그러다 보니 가게까지 차렸고.
E1_2:6.c1,1-2 · 케이블 감는 법 · 선택지 1,(선택지),"""점장님은 그날 방송 봤어요?""","""점장님은 그날 방송 봤어요?"""
E1_2:6.c2,1-2 · 케이블 감는 법 · 선택지 2,(선택지),"""다음 케이블 주세요.""","""다음 케이블 주세요."""
E1_2:7.1,1-2 · 케이블 감는 법 · 선택지 1을 골랐을 때,세리자와 점장,봤지. 근데 좀 이상하더라. 무대 조명은 끝까지 켜져 있었거든.,봤지. 근데 좀 이상하더라. 무대 조명은 끝까지 켜져 있었거든.
E1_2:7.2,1-2 · 케이블 감는 법 · 선택지 2을 골랐을 때,세리자와 점장,좋아. 이 속도면 개장 전에 끝나겠다.,좋아. 이 속도면 개장 전에 끝나겠다.
E1_2:8,1-2 · 케이블 감는 법,세리자와 점장,전기가 나간 게 아니었다는 얘기야. 그 얘기는 나중에 하자. 오늘은 케이블.,전기가 나간 게 아니었다는 얘기야. 그 얘기는 나중에 하자. 오늘은 케이블.
E1_2:9,1-2 · 케이블 감는 법,(내레이션),공연이 끝나고 바닥을 닦는다. 스피커를 꺼도 홀에는 사람들 말소리가 한참 남아 있었다.,공연이 끝나고 바닥을 닦는다. 스피커를 꺼도 홀에는 사람들 말소리가 한참 남아 있었다.
E1_2:10,1-2 · 케이블 감는 법,세리자와 점장,수고했어. 첫날 일당.,수고했어. 첫날 일당.
E1_2:11,1-2 · 케이블 감는 법,세리자와 점장,"아, 그리고 가게 사진 계정에 오늘 거 올렸어. 네 손만 나왔으니까 걱정 마.","아, 그리고 가게 사진 계정에 오늘 거 올렸어. 네 손만 나왔으니까 걱정 마."
E1_3:0,1-3 · 나기사카 산책,(내레이션),알바가 끝나고 상점가를 걷는다. 이 시간이면 셔터를 내린 가게가 반이다.,알바가 끝나고 상점가를 걷는다. 이 시간이면 셔터를 내린 가게가 반이다.
E1_3:1,1-3 · 나기사카 산책,(내레이션),이어폰은 오른쪽에만 꽂았다. 곡이 넘어가는 사이사이에 바깥 소리가 섞여 들어온다.,이어폰은 오른쪽에만 꽂았다. 곡이 넘어가는 사이사이에 바깥 소리가 섞여 들어온다.
E1_3:2,1-3 · 나기사카 산책,(내레이션),"고가 옆 라멘집에서 탁, 탁, 탁, 칼이 도마를 치는 소리가 난다. 간격이 이상할 만큼 일정하다.","고가 옆 라멘집에서 탁, 탁, 탁, 칼이 도마를 치는 소리가 난다. 간격이 이상할 만큼 일정하다."
E1_3:3,1-3 · 나기사카 산책,(내레이션),"헌옷가게 앞에서는 누가 기타를 친다. C, G, Am까지는 좋은데 F에서 소리가 죽는다.","헌옷가게 앞에서는 누가 기타를 친다. C, G, Am까지는 좋은데 F에서 소리가 죽는다."
E1_3:4,1-3 · 나기사카 산책,(내레이션),"레코드샵 문틈으로 피아노 곡이 흘러나온다. 하나, 둘, 셋. 왈츠다.","레코드샵 문틈으로 피아노 곡이 흘러나온다. 하나, 둘, 셋. 왈츠다."
E1_3:5,1-3 · 나기사카 산책,(내레이션),1년 동안 음악을 안 들은 건 아니다. 그래도 이렇게 소리를 따라 걸어 본 건 오랜만이다.,1년 동안 음악을 안 들은 건 아니다. 그래도 이렇게 소리를 따라 걸어 본 건 오랜만이다.
E1_3:6.c1,1-3 · 나기사카 산책 · 선택지 1,(선택지),라멘집 문을 연다,라멘집 문을 연다
E1_3:6.c2,1-3 · 나기사카 산책 · 선택지 2,(선택지),헌옷가게 앞에서 멈춘다,헌옷가게 앞에서 멈춘다
E1_3:6.c3,1-3 · 나기사카 산책 · 선택지 3,(선택지),레코드샵에 들어간다,레코드샵에 들어간다
E1_5:0,1-5 · 개구리 DM,(내레이션),"토요일 밤, 침대에 누워 휴대폰만 보고 있다.","토요일 밤, 침대에 누워 휴대폰만 보고 있다."
E1_5:1,1-5 · 개구리 DM,(내레이션),정신을 차려 보니 PULSE 검색창에 「47초」를 치고 있었다.,정신을 차려 보니 PULSE 검색창에 「47초」를 치고 있었다.
E1_5:2,1-5 · 개구리 DM,(내레이션),#47초프리즈 태그에 오늘도 누가 그 클립을 올렸다. 조회수는 아직도 올라간다.,#47초프리즈 태그에 오늘도 누가 그 클립을 올렸다. 조회수는 아직도 올라간다.
E1_5:3,1-5 · 개구리 DM,(내레이션),댓글은 안 읽기로 했다. 그래도 첫 줄은 눈에 들어온다.,댓글은 안 읽기로 했다. 그래도 첫 줄은 눈에 들어온다.
E1_5:4,1-5 · 개구리 DM,(내레이션),DM 알림이 하나 왔다. 프로필 사진이 개구리다.,DM 알림이 하나 왔다. 프로필 사진이 개구리다.
E1_5:5,1-5 · 개구리 DM,@kero_P,갑자기 연락드려서 죄송해요.,갑자기 연락드려서 죄송해요.
E1_5:6,1-5 · 개구리 DM,@kero_P,0dB 계정에 올라온 사진 봤어요. 케이블 감는 손만 나온 사진이요.,0dB 계정에 올라온 사진 봤어요. 케이블 감는 손만 나온 사진이요.
E1_5:7,1-5 · 개구리 DM,@kero_P,그 손 알아요. 1년 전에 맨 앞줄에서 봤거든요.,그 손 알아요. 1년 전에 맨 앞줄에서 봤거든요.
E1_5:8,1-5 · 개구리 DM,@kero_P,답장은 안 하셔도 돼요. 아직 거기 계신 것 같아서 반가웠어요.,답장은 안 하셔도 돼요. 아직 거기 계신 것 같아서 반가웠어요.
E1_5:9.c1,1-5 · 개구리 DM · 선택지 1,(선택지),"""누구세요?""","""누구세요?"""
E1_5:9.c2,1-5 · 개구리 DM · 선택지 2,(선택지),"""맨 앞줄이었으면 그날 다 봤겠네요.""","""맨 앞줄이었으면 그날 다 봤겠네요."""
E1_5:9.c3,1-5 · 개구리 DM · 선택지 3,(선택지),(읽기만 한다),(읽기만 한다)
E1_5:10.1,1-5 · 개구리 DM · 선택지 1을 골랐을 때,@kero_P,kero_P예요. 곡 만들어요. 개구리는 그냥 좋아해서요.,kero_P예요. 곡 만들어요. 개구리는 그냥 좋아해서요.
E1_5:10.2,1-5 · 개구리 DM · 선택지 2을 골랐을 때,@kero_P,네. 다 봤어요.,네. 다 봤어요.
E1_5:10.3,1-5 · 개구리 DM · 선택지 3을 골랐을 때,@kero_P,(개구리 이모티콘),(개구리 이모티콘)
E1_5:11,1-5 · 개구리 DM,@kero_P,시간 나시면 들어 주세요. 안 들으셔도 되고요.,시간 나시면 들어 주세요. 안 들으셔도 되고요.
E1_5:12,1-5 · 개구리 DM,(내레이션),링크가 하나 왔다. 보컬 없는 곡이다. 베이스 라인이 이상할 만큼 귀에 남는다.,링크가 하나 왔다. 보컬 없는 곡이다. 베이스 라인이 이상할 만큼 귀에 남는다.
E1_5:13,1-5 · 개구리 DM,@kero_P,사람들이 모르는 것까지요.,사람들이 모르는 것까지요.
E1_5:14,1-5 · 개구리 DM,(내레이션),"무슨 뜻이냐고 보냈지만, 그 뒤로는 읽음 표시만 떴다.","무슨 뜻이냐고 보냈지만, 그 뒤로는 읽음 표시만 떴다."
E1_5:15,1-5 · 개구리 DM,(내레이션),답장을 쓰다가 지웠다. 읽음 표시는 이미 떴을 거다.,답장을 쓰다가 지웠다. 읽음 표시는 이미 떴을 거다.
E1_5:16,1-5 · 개구리 DM,(내레이션),휴대폰 화면을 끈다. 오픈 마이크는 다음 주 토요일이다.,휴대폰 화면을 끈다. 오픈 마이크는 다음 주 토요일이다.
E1_6:0,1-6 · 비어 있는 자리,(내레이션),월요일은 공연이 없어서 0dB도 조용하다. 청소기를 돌리고 나니 할 일이 없다.,월요일은 공연이 없어서 0dB도 조용하다. 청소기를 돌리고 나니 할 일이 없다.
E1_6:1,1-6 · 비어 있는 자리,(내레이션),무대에서 누가 마스크를 쓰고 반주도 없이 혼자 노래하고 있다.,무대에서 누가 마스크를 쓰고 반주도 없이 혼자 노래하고 있다.
E1_6:2,1-6 · 비어 있는 자리,(내레이션),목소리가 홀 끝까지 또렷하게 들린다. 마스크를 썼는데도 전혀 먹먹하지 않다.,목소리가 홀 끝까지 또렷하게 들린다. 마스크를 썼는데도 전혀 먹먹하지 않다.
E1_6:3,1-6 · 비어 있는 자리,(내레이션),후렴 직전에 노래가 뚝 끊겼다.,후렴 직전에 노래가 뚝 끊겼다.
E1_6:4,1-6 · 비어 있는 자리,루이,거기 서서 들을 거면 박수라도 치든가.,거기 서서 들을 거면 박수라도 치든가.
E1_6:5.c1,1-6 · 비어 있는 자리 · 선택지 1,(선택지),(박수를 친다),(박수를 친다)
E1_6:5.c2,1-6 · 비어 있는 자리 · 선택지 2,(선택지),"""거기서 왜 멈췄어?""","""거기서 왜 멈췄어?"""
E1_6:5.c3,1-6 · 비어 있는 자리 · 선택지 3,(선택지),"""미안. 청소 중이었어.""","""미안. 청소 중이었어."""
E1_6:6.1,1-6 · 비어 있는 자리 · 선택지 1을 골랐을 때,루이,"……됐어, 그만 쳐. 진짜 치라는 거 아니었어.","……됐어, 그만 쳐. 진짜 치라는 거 아니었어."
E1_6:6.2,1-6 · 비어 있는 자리 · 선택지 2을 골랐을 때,루이,다음 마디부터 반주가 들어와야 하거든. 없으니까 멈춘 거야.,다음 마디부터 반주가 들어와야 하거든. 없으니까 멈춘 거야.
E1_6:6.3,1-6 · 비어 있는 자리 · 선택지 3을 골랐을 때,루이,청소는 무슨. 걸레 들고 서 있기만 했잖아.,청소는 무슨. 걸레 들고 서 있기만 했잖아.
E1_6:7,1-6 · 비어 있는 자리,루이,"토요일 오픈 마이크, 나 나가.","토요일 오픈 마이크, 나 나가."
E1_6:8,1-6 · 비어 있는 자리,루이,반주해 주기로 한 사람이 어제 못 하겠대. 이유는 안 물어봤어.,반주해 주기로 한 사람이 어제 못 하겠대. 이유는 안 물어봤어.
E1_6:9,1-6 · 비어 있는 자리,루이,"……너 기타 치잖아. 베이스도 치고, 드럼도 치고. 영상 다 봤어.","……너 기타 치잖아. 베이스도 치고, 드럼도 치고. 영상 다 봤어."
E1_6:10,1-6 · 비어 있는 자리,@NAME,그 영상 말고 다른 것도 봤구나.,그 영상 말고 다른 것도 봤구나.
E1_6:11,1-6 · 비어 있는 자리,루이,봤으면 뭐. 반주해 달라는 거 아니야. 자리가 비어 있다는 거지.,봤으면 뭐. 반주해 달라는 거 아니야. 자리가 비어 있다는 거지.
E1_6:12.c1,1-6 · 비어 있는 자리 · 선택지 1,(선택지),"""내가 칠게.""","""내가 칠게."""
E1_6:12.c2,1-6 · 비어 있는 자리 · 선택지 2,(선택지),"""난 무대에 안 서.""","""난 무대에 안 서."""
E1_6:12.c3,1-6 · 비어 있는 자리 · 선택지 3,(선택지),"""……생각해 볼게.""","""……생각해 볼게."""
E1_6:13.1,1-6 · 비어 있는 자리 · 선택지 1을 골랐을 때,루이,……진짜? 방금 한 말 취소 안 돼.,……진짜? 방금 한 말 취소 안 돼.
E1_6:13.2,1-6 · 비어 있는 자리 · 선택지 2을 골랐을 때,루이,알았어. 그럼 됐어.,알았어. 그럼 됐어.
E1_6:13.3,1-6 · 비어 있는 자리 · 선택지 3을 골랐을 때,루이,생각은 토요일 전까지만 해.,생각은 토요일 전까지만 해.
E1_6:14,1-6 · 비어 있는 자리,루이,수요일 밤에 신사 계단으로 와. 거기서 맞춰 보자. 여기는 점장님이 시끄럽대.,수요일 밤에 신사 계단으로 와. 거기서 맞춰 보자. 여기는 점장님이 시끄럽대.
E1_6:15,1-6 · 비어 있는 자리,(내레이션),루이는 마이크 케이블을 둘둘 말아 넣고 나가 버렸다. 케이블이 엉망으로 감겨 있다.,루이는 마이크 케이블을 둘둘 말아 넣고 나가 버렸다. 케이블이 엉망으로 감겨 있다.
E1_6:16,1-6 · 비어 있는 자리,(내레이션),"다시 풀어서 한 바퀴는 바로, 한 바퀴는 뒤집어서 감는다.","다시 풀어서 한 바퀴는 바로, 한 바퀴는 뒤집어서 감는다."
E1_6:17,1-6 · 비어 있는 자리,루이,악보 두고 갈게. 보기만 해. 치라는 거 아니야.,악보 두고 갈게. 보기만 해. 치라는 거 아니야.
E1_7A:0,1-7A · 신사 계단의 리허설,(내레이션),"수요일 밤, 신사로 올라가는 돌계단은 백 개가 넘는다. 루이는 중간쯤에 앉아 있었다.","수요일 밤, 신사로 올라가는 돌계단은 백 개가 넘는다. 루이는 중간쯤에 앉아 있었다."
E1_7A:1,1-7A · 신사 계단의 리허설,루이,늦었어. 3분.,늦었어. 3분.
E1_7A:2,1-7A · 신사 계단의 리허설,@NAME,계단이 이렇게 많은 줄 몰랐어.,계단이 이렇게 많은 줄 몰랐어.
E1_7A:3,1-7A · 신사 계단의 리허설,루이,그래서 여기 오는 거야. 올라오다 지쳐서 아무도 안 와.,그래서 여기 오는 거야. 올라오다 지쳐서 아무도 안 와.
E1_7A:4,1-7A · 신사 계단의 리허설,(내레이션),기타 케이스를 연다. 앰프가 없어서 생음으로 친다. 돌계단에 부딪힌 소리가 생각보다 크게 울린다.,기타 케이스를 연다. 앰프가 없어서 생음으로 친다. 돌계단에 부딪힌 소리가 생각보다 크게 울린다.
E1_7A:5,1-7A · 신사 계단의 리허설,루이,곡은 이걸로 하자.,곡은 이걸로 하자.
E1_7A:6,1-7A · 신사 계단의 리허설,(내레이션),루이가 휴대폰 화면을 내민다. 곡 제목을 보고 손이 멈췄다.,루이가 휴대폰 화면을 내민다. 곡 제목을 보고 손이 멈췄다.
E1_7A:7,1-7A · 신사 계단의 리허설,(내레이션),"「カウント四つ」, 내가 쓴 SIGNAL LOST의 첫 곡이다.","「カウント四つ」, 내가 쓴 SIGNAL LOST의 첫 곡이다."
E1_7A:8.c1,1-7A · 신사 계단의 리허설 · 선택지 1,(선택지),"""……왜 하필 이 곡이야.""","""……왜 하필 이 곡이야."""
E1_7A:8.c2,1-7A · 신사 계단의 리허설 · 선택지 2,(선택지),"""다른 곡은 없어?""","""다른 곡은 없어?"""
E1_7A:8.c3,1-7A · 신사 계단의 리허설 · 선택지 3,(선택지),(말없이 첫 코드를 잡는다),(말없이 첫 코드를 잡는다)
E1_7A:9.1,1-7A · 신사 계단의 리허설 · 선택지 1을 골랐을 때,루이,너랑 내가 둘 다 아는 곡이 이것밖에 없어서.,너랑 내가 둘 다 아는 곡이 이것밖에 없어서.
E1_7A:9.2,1-7A · 신사 계단의 리허설 · 선택지 2을 골랐을 때,루이,있지. 근데 네가 제일 잘 치는 건 이거잖아.,있지. 근데 네가 제일 잘 치는 건 이거잖아.
E1_7A:9.3,1-7A · 신사 계단의 리허설 · 선택지 3을 골랐을 때,루이,……바로 치네.,……바로 치네.
E1_7A:10,1-7A · 신사 계단의 리허설,(내레이션),첫 소절에 루이의 목소리가 들어온다. 마스크 너머인데도 가사가 또렷하다.,첫 소절에 루이의 목소리가 들어온다. 마스크 너머인데도 가사가 또렷하다.
E1_7A:11,1-7A · 신사 계단의 리허설,(내레이션),후렴 앞에 쉼표가 있어서 한 박 동안 아무 소리도 나지 않는다.,후렴 앞에 쉼표가 있어서 한 박 동안 아무 소리도 나지 않는다.
E1_7A:12,1-7A · 신사 계단의 리허설,(내레이션),그 한 박이 길다. 손가락이 줄 위에서 굳는다.,그 한 박이 길다. 손가락이 줄 위에서 굳는다.
E1_7A:13,1-7A · 신사 계단의 리허설,루이,"……하나, 둘.","……하나, 둘."
E1_7A:14,1-7A · 신사 계단의 리허설,(내레이션),루이가 작게 박자를 세 줬다. 셋에서 손이 다시 움직였다.,루이가 작게 박자를 세 줬다. 셋에서 손이 다시 움직였다.
E1_7A:15,1-7A · 신사 계단의 리허설,루이,쉼표 나올 때마다 멈추네.,쉼표 나올 때마다 멈추네.
E1_7A:16.c1,1-7A · 신사 계단의 리허설 · 선택지 1,(선택지),"""버릇이야.""","""버릇이야."""
E1_7A:16.c2,1-7A · 신사 계단의 리허설 · 선택지 2,(선택지),"""조용한 게 좀 무서워서.""","""조용한 게 좀 무서워서."""
E1_7A:17.1,1-7A · 신사 계단의 리허설 · 선택지 1을 골랐을 때,루이,그럼 고쳐. 토요일까지.,그럼 고쳐. 토요일까지.
E1_7A:17.2,1-7A · 신사 계단의 리허설 · 선택지 2을 골랐을 때,루이,……그래.,……그래.
E1_7A:18,1-7A · 신사 계단의 리허설,루이,나도 무서운 거 있어. 그래서 이거 쓰고 부르는 거고.,나도 무서운 거 있어. 그래서 이거 쓰고 부르는 거고.
E1_7A:19,1-7A · 신사 계단의 리허설,(내레이션),루이는 마스크 끈을 손가락으로 한 번 튕겼다. 더 말하지는 않았다.,루이는 마스크 끈을 손가락으로 한 번 튕겼다. 더 말하지는 않았다.
E1_7A:20,1-7A · 신사 계단의 리허설,루이,"쉼표 나올 때마다 내가 세 줄게. 하나, 둘. 그럼 셋에 들어와.","쉼표 나올 때마다 내가 세 줄게. 하나, 둘. 그럼 셋에 들어와."
E1_7A:21,1-7A · 신사 계단의 리허설,(내레이션),계단 아래로 전철이 지나간다. 루이는 그 소리가 다 지나갈 때까지 기다렸다가 다시 첫 소절을 불렀다.,계단 아래로 전철이 지나간다. 루이는 그 소리가 다 지나갈 때까지 기다렸다가 다시 첫 소절을 불렀다.
E1_7B:0,1-7B · 1년 만의 케이스,(내레이션),철길 고가 밑에 있는 렌탈 스튜디오에 왔다. 0dB 직원이라고 하니 점장이 한 시간을 공짜로 잡아 줬다.,철길 고가 밑에 있는 렌탈 스튜디오에 왔다. 0dB 직원이라고 하니 점장이 한 시간을 공짜로 잡아 줬다.
E1_7B:1,1-7B · 1년 만의 케이스,(내레이션),루이가 두고 간 악보를 보면대에 올린다. 맨 위에 적힌 제목을 보고 한참 서 있었다.,루이가 두고 간 악보를 보면대에 올린다. 맨 위에 적힌 제목을 보고 한참 서 있었다.
E1_7B:2,1-7B · 1년 만의 케이스,(내레이션),"「カウント四つ」, 내가 쓴 SIGNAL LOST의 첫 곡이다.","「カウント四つ」, 내가 쓴 SIGNAL LOST의 첫 곡이다."
E1_7B:3,1-7B · 1년 만의 케이스,(내레이션),"1년 만에 케이스를 연다. 줄은 녹이 슬었고, 손끝 굳은살도 반쯤 없어졌다.","1년 만에 케이스를 연다. 줄은 녹이 슬었고, 손끝 굳은살도 반쯤 없어졌다."
E1_7B:4,1-7B · 1년 만의 케이스,(내레이션),머리 위로 전철이 지나간다. 그 소리에 묻히듯 첫 음을 쳐 본다.,머리 위로 전철이 지나간다. 그 소리에 묻히듯 첫 음을 쳐 본다.
E1_7B2:0,1-7B · 연습 끝,(내레이션),중간에 몇 번 손이 멈췄지만 한 곡을 끝까지 쳤다.,중간에 몇 번 손이 멈췄지만 한 곡을 끝까지 쳤다.
E1_7B2:1,1-7B · 연습 끝,(내레이션),끝까지 치고 나니 손이 떨린다. 그래도 기분이 나쁘진 않다.,끝까지 치고 나니 손이 떨린다. 그래도 기분이 나쁘진 않다.
E1_7B2:2,1-7B · 연습 끝,(내레이션),쉼표마다 손이 늦었다. 루이라면 바로 알아챘을 거다.,쉼표마다 손이 늦었다. 루이라면 바로 알아챘을 거다.
E1_7B2:3,1-7B · 연습 끝,(내레이션),마지막 음이 끝나고 스튜디오가 조용해지자 또 귀가 울린다.,마지막 음이 끝나고 스튜디오가 조용해지자 또 귀가 울린다.
E1_7B2:4,1-7B · 연습 끝,(내레이션),휴대폰을 꺼낸다. 루이와의 대화창에는 아직 아무것도 없다.,휴대폰을 꺼낸다. 루이와의 대화창에는 아직 아무것도 없다.
E1_7B2:5.c1,1-7B · 연습 끝 · 선택지 1,(선택지),"""토요일에 칠게.""라고 보낸다","""토요일에 칠게.""라고 보낸다"
E1_7B2:5.c2,1-7B · 연습 끝 · 선택지 2,(선택지),(보내지 않는다),(보내지 않는다)
E1_7B2:6,1-7B · 연습 끝,(내레이션),"1분도 안 돼서 ""늦어.""라고 답장이 왔다. 조금 뒤에 ""금요일에 한 번 맞춰 봐.""라고 하나 더 왔다.","1분도 안 돼서 ""늦어.""라고 답장이 왔다. 조금 뒤에 ""금요일에 한 번 맞춰 봐.""라고 하나 더 왔다."
E1_7B2:7,1-7B · 연습 끝,(내레이션),휴대폰을 주머니에 넣었다. 악보는 버리지 않고 접어서 가방에 넣었다.,휴대폰을 주머니에 넣었다. 악보는 버리지 않고 접어서 가방에 넣었다.
E1_7C:0,1-7C · 믹서 앞자리,(내레이션),"목요일, 개장 전 0dB에서 점장이 믹서 앞자리를 턱으로 가리킨다.","목요일, 개장 전 0dB에서 점장이 믹서 앞자리를 턱으로 가리킨다."
E1_7C:1,1-7C · 믹서 앞자리,세리자와 점장,"토요일 오픈 마이크, 음향 네가 봐.","토요일 오픈 마이크, 음향 네가 봐."
E1_7C:2,1-7C · 믹서 앞자리,@NAME,루이한테 들었어요?,루이한테 들었어요?
E1_7C:3,1-7C · 믹서 앞자리,세리자와 점장,걔가 말을 해? 케이블 감긴 꼴 보고 알았지.,걔가 말을 해? 케이블 감긴 꼴 보고 알았지.
E1_7C:4,1-7C · 믹서 앞자리,세리자와 점장,무대에 안 서겠다는 건 네 맘이야. 대신 무대 옆에는 있어. 여기 직원이잖아.,무대에 안 서겠다는 건 네 맘이야. 대신 무대 옆에는 있어. 여기 직원이잖아.
E1_7C:5.c1,1-7C · 믹서 앞자리 · 선택지 1,(선택지),"""음향이라면 할게요.""","""음향이라면 할게요."""
E1_7C:5.c2,1-7C · 믹서 앞자리 · 선택지 2,(선택지),"""그날 쉬면 안 돼요?""","""그날 쉬면 안 돼요?"""
E1_7C:6.1,1-7C · 믹서 앞자리 · 선택지 1을 골랐을 때,세리자와 점장,그래. 페이더 올리는 손은 무대 위랑 똑같이 떨려. 해 보면 알아.,그래. 페이더 올리는 손은 무대 위랑 똑같이 떨려. 해 보면 알아.
E1_7C:6.2,1-7C · 믹서 앞자리 · 선택지 2을 골랐을 때,세리자와 점장,안 돼. 사람 없어.,안 돼. 사람 없어.
E1_7C:7,1-7C · 믹서 앞자리,(내레이션),점장이 벽에 붙은 사진 한 장을 가리킨다. 머리를 짧게 민 여자가 부서진 기타를 들고 웃고 있다.,점장이 벽에 붙은 사진 한 장을 가리킨다. 머리를 짧게 민 여자가 부서진 기타를 들고 웃고 있다.
E1_7C:8,1-7C · 믹서 앞자리,세리자와 점장,나. 스물두 살. 첫 곡 첫 소절에서 줄 끊어진 날.,나. 스물두 살. 첫 곡 첫 소절에서 줄 끊어진 날.
E1_7C:9,1-7C · 믹서 앞자리,세리자와 점장,그날 이후로 무대 서는 게 무서웠냐고? 무서웠지. 그래서 무서운 대로 다음 주에 또 섰어.,그날 이후로 무대 서는 게 무서웠냐고? 무서웠지. 그래서 무서운 대로 다음 주에 또 섰어.
E1_7C:10,1-7C · 믹서 앞자리,(내레이션),점장은 그 말만 하고 사무실로 들어갔다. 믹서의 페이더 하나가 반쯤 올라가 있었다.,점장은 그 말만 하고 사무실로 들어갔다. 믹서의 페이더 하나가 반쯤 올라가 있었다.
E1_8:0,1-8 · 오픈 마이크,(내레이션),"토요일 밤 여덟 시, 0dB 오픈 마이크가 시작된다.","토요일 밤 여덟 시, 0dB 오픈 마이크가 시작된다."
E1_8:1,1-8 · 오픈 마이크,(내레이션),객석에는 스무 명쯤 있다. 대부분 자기 순서를 기다리는 출연자와 그 친구들이다.,객석에는 스무 명쯤 있다. 대부분 자기 순서를 기다리는 출연자와 그 친구들이다.
E1_8:2,1-8 · 오픈 마이크,(내레이션),대기실에서 루이는 아까부터 마스크 끈을 고쳐 매고 있다.,대기실에서 루이는 아까부터 마스크 끈을 고쳐 매고 있다.
E1_8:3,1-8 · 오픈 마이크,루이,떨려?,떨려?
E1_8:4.c1,1-8 · 오픈 마이크 · 선택지 1,(선택지),"""응.""","""응."""
E1_8:4.c2,1-8 · 오픈 마이크 · 선택지 2,(선택지),"""아니.""","""아니."""
E1_8:4.c3,1-8 · 오픈 마이크 · 선택지 3,(선택지),"""너는?""","""너는?"""
E1_8:5.1,1-8 · 오픈 마이크 · 선택지 1을 골랐을 때,루이,다행이다. 나만 떨리는 줄 알았어.,다행이다. 나만 떨리는 줄 알았어.
E1_8:5.2,1-8 · 오픈 마이크 · 선택지 2을 골랐을 때,루이,거짓말. 손 차갑잖아.,거짓말. 손 차갑잖아.
E1_8:5.3,1-8 · 오픈 마이크 · 선택지 3을 골랐을 때,루이,……나는 늘 떨려. 그래서 이거 쓰는 거야.,……나는 늘 떨려. 그래서 이거 쓰는 거야.
E1_8:6,1-8 · 오픈 마이크,루이,"쉼표에서 세 줄게. 하나, 둘. 잊지 마.","쉼표에서 세 줄게. 하나, 둘. 잊지 마."
E1_8:7,1-8 · 오픈 마이크,(내레이션),믹서 앞에 앉아 있다. 오늘은 음향만 보기로 했다.,믹서 앞에 앉아 있다. 오늘은 음향만 보기로 했다.
E1_8:8,1-8 · 오픈 마이크,(내레이션),루이 차례다. 루이는 반주 없이 무대에 섰다. 첫 소절이 홀 안에 울려 퍼진다.,루이 차례다. 루이는 반주 없이 무대에 섰다. 첫 소절이 홀 안에 울려 퍼진다.
E1_8:9,1-8 · 오픈 마이크,(내레이션),후렴 앞에서 루이의 목소리가 흔들렸다. 반주가 들어와야 할 자리가 비어 있다.,후렴 앞에서 루이의 목소리가 흔들렸다. 반주가 들어와야 할 자리가 비어 있다.
E1_8:10,1-8 · 오픈 마이크,(내레이션),루이가 믹서 쪽을 봤다. 마스크 위로 눈만 보인다.,루이가 믹서 쪽을 봤다. 마스크 위로 눈만 보인다.
E1_8:11.c1,1-8 · 오픈 마이크 · 선택지 1,(선택지),(무대 옆 기타를 들고 올라간다),(무대 옆 기타를 들고 올라간다)
E1_8:11.c2,1-8 · 오픈 마이크 · 선택지 2,(선택지),(페이더를 올려 목소리를 받쳐 준다),(페이더를 올려 목소리를 받쳐 준다)
E1_8:12,1-8 · 오픈 마이크,세리자와 점장,그걸로 되겠냐. 올라가.,그걸로 되겠냐. 올라가.
E1_8:13,1-8 · 오픈 마이크,(내레이션),점장이 등을 떠밀었다. 정신을 차려 보니 무대 옆에 세워 둔 기타를 들고 있었다.,점장이 등을 떠밀었다. 정신을 차려 보니 무대 옆에 세워 둔 기타를 들고 있었다.
E1_8:14,1-8 · 오픈 마이크,(내레이션),무대로 올라가는 계단은 세 칸뿐이었다. 그 세 칸을 1년 동안 한 번도 못 올랐다.,무대로 올라가는 계단은 세 칸뿐이었다. 그 세 칸을 1년 동안 한 번도 못 올랐다.
E1_8:15,1-8 · 오픈 마이크,사회자,"다음 순서입니다. 아마네 루이, 그리고……","다음 순서입니다. 아마네 루이, 그리고……"
E1_8:16,1-8 · 오픈 마이크,(내레이션),"조명이 켜진다. 눈앞이 하얘졌다가, 천천히 객석이 보인다.","조명이 켜진다. 눈앞이 하얘졌다가, 천천히 객석이 보인다."
E1_8:17,1-8 · 오픈 마이크,루이,카운트 넷.,카운트 넷.
E1_8B:0,1-8 · 오픈 마이크 · 끝,(내레이션),마지막 코드가 끝났다.,마지막 코드가 끝났다.
E1_8B:1,1-8 · 오픈 마이크 · 끝,(내레이션),울림이 다 사라질 때까지 아무도 움직이지 않았다.,울림이 다 사라질 때까지 아무도 움직이지 않았다.
E1_9S:0,1-9S · 박수 세 번,(내레이션),박수가 터졌다. 오픈 마이크치고는 꽤 크다.,박수가 터졌다. 오픈 마이크치고는 꽤 크다.
E1_9S:1,1-9S · 박수 세 번,관객,"와, 뭐야. 잘한다.","와, 뭐야. 잘한다."
E1_9S:2,1-9S · 박수 세 번,관객,"근데 저 기타, 47초 그 사람 아냐?","근데 저 기타, 47초 그 사람 아냐?"
E1_9S:3,1-9S · 박수 세 번,관객,그게 뭐 어때서. 방금 거 들었잖아.,그게 뭐 어때서. 방금 거 들었잖아.
E1_9S:4,1-9S · 박수 세 번,(내레이션),무대에서 내려오자 다리가 풀렸다. 계단 세 칸을 어떻게 내려왔는지 기억이 안 난다.,무대에서 내려오자 다리가 풀렸다. 계단 세 칸을 어떻게 내려왔는지 기억이 안 난다.
E1_9S:5,1-9S · 박수 세 번,루이,……쉼표에서 안 멈췄어.,……쉼표에서 안 멈췄어.
E1_9S:6,1-9S · 박수 세 번,@NAME,네가 세 줬잖아.,네가 세 줬잖아.
E1_9S:7,1-9S · 박수 세 번,루이,안 셌어. 세려고 했는데 네가 먼저 들어왔어.,안 셌어. 세려고 했는데 네가 먼저 들어왔어.
E1_9S:8,1-9S · 박수 세 번,(내레이션),루이가 웃었다. 마스크 때문에 눈만 보이는데도 웃는 게 보였다.,루이가 웃었다. 마스크 때문에 눈만 보이는데도 웃는 게 보였다.
E1_9S:9,1-9S · 박수 세 번,세리자와 점장,다음 달 오픈 마이크도 너희 자리 비워 둘게. 싫으면 말하고.,다음 달 오픈 마이크도 너희 자리 비워 둘게. 싫으면 말하고.
E1_9S:10,1-9S · 박수 세 번,루이,싫다고 안 할 거예요. 얘도요.,싫다고 안 할 거예요. 얘도요.
E1_9B:0,1-9B · 쉼표,(내레이션),박수는 나왔다. 오픈 마이크에서 늘 나오는 정도였다.,박수는 나왔다. 오픈 마이크에서 늘 나오는 정도였다.
E1_9B:1,1-9B · 쉼표,(내레이션),두 번째 후렴 앞 쉼표에서 손이 멈췄다. 한 마디 동안 기타 소리가 없었다.,두 번째 후렴 앞 쉼표에서 손이 멈췄다. 한 마디 동안 기타 소리가 없었다.
E1_9B:2,1-9B · 쉼표,(내레이션),그 한 마디를 루이가 반주 없이 혼자 불렀다. 원래 그렇게 부르는 곡처럼 자연스러웠다.,그 한 마디를 루이가 반주 없이 혼자 불렀다. 원래 그렇게 부르는 곡처럼 자연스러웠다.
E1_9B:3,1-9B · 쉼표,(내레이션),공연이 끝나고 가게 뒷문 계단에 앉아 있다. 손이 아직 차갑다.,공연이 끝나고 가게 뒷문 계단에 앉아 있다. 손이 아직 차갑다.
E1_9B:4,1-9B · 쉼표,루이,여기 있었네.,여기 있었네.
E1_9B:5,1-9B · 쉼표,(내레이션),루이가 탄산수 한 캔을 옆에 내려놓는다. 레몬맛이다.,루이가 탄산수 한 캔을 옆에 내려놓는다. 레몬맛이다.
E1_9B:6,1-9B · 쉼표,루이,멈췄지.,멈췄지.
E1_9B:7.c1,1-9B · 쉼표 · 선택지 1,(선택지),"""미안.""","""미안."""
E1_9B:7.c2,1-9B · 쉼표 · 선택지 2,(선택지),"""네가 받아 줘서 살았어.""","""네가 받아 줘서 살았어."""
E1_9B:7.c3,1-9B · 쉼표 · 선택지 3,(선택지),(캔을 딴다),(캔을 딴다)
E1_9B:8.1,1-9B · 쉼표 · 선택지 1을 골랐을 때,루이,사과하지 마. 사과하면 다음에도 멈춰.,사과하지 마. 사과하면 다음에도 멈춰.
E1_9B:8.2,1-9B · 쉼표 · 선택지 2을 골랐을 때,루이,……받아 준 거 아니야. 그냥 계속 부른 거지.,……받아 준 거 아니야. 그냥 계속 부른 거지.
E1_9B:8.3,1-9B · 쉼표 · 선택지 3을 골랐을 때,루이,"그거 내 거였는데. 됐어, 마셔.","그거 내 거였는데. 됐어, 마셔."
E1_9B:9,1-9B · 쉼표,루이,관객들은 몰랐어. 원래 그런 편곡인 줄 알더라.,관객들은 몰랐어. 원래 그런 편곡인 줄 알더라.
E1_9B:10,1-9B · 쉼표,루이,그러니까 다음엔 안 멈추면 돼.,그러니까 다음엔 안 멈추면 돼.
E1_9B:11,1-9B · 쉼표,(내레이션),그 말투가 너무 당연해서 오히려 웃음이 났다.,그 말투가 너무 당연해서 오히려 웃음이 났다.
E1_10:0,1-10 · 다시 열린 케이스,(내레이션),"일요일 오후, 0dB 대기실 벽에는 여러 밴드의 사인이 겹겹이 적혀 있다.","일요일 오후, 0dB 대기실 벽에는 여러 밴드의 사인이 겹겹이 적혀 있다."
E1_10:1,1-10 · 다시 열린 케이스,(내레이션),그중 하나가 SIGNAL LOST다. 네 명의 이름이 삐뚤빼뚤하다. 하루의 이름이 제일 크다.,그중 하나가 SIGNAL LOST다. 네 명의 이름이 삐뚤빼뚤하다. 하루의 이름이 제일 크다.
E1_10:2,1-10 · 다시 열린 케이스,루이,이거 보고 있었어?,이거 보고 있었어?
E1_10:3,1-10 · 다시 열린 케이스,(내레이션),루이가 마스크를 고쳐 쓰며 옆에 선다.,루이가 마스크를 고쳐 쓰며 옆에 선다.
E1_10:4,1-10 · 다시 열린 케이스,루이,어제 점장님이 그러더라. 다음 달에 새 밴드 자리 하나 비워 둘 거래.,어제 점장님이 그러더라. 다음 달에 새 밴드 자리 하나 비워 둘 거래.
E1_10:5,1-10 · 다시 열린 케이스,루이,누구 얘긴지는 말 안 했어.,누구 얘긴지는 말 안 했어.
E1_10:6,1-10 · 다시 열린 케이스,루이,……밴드 할 거면 나도 끼워 줘.,……밴드 할 거면 나도 끼워 줘.
E1_10:7.c1,1-10 · 다시 열린 케이스 · 선택지 1,(선택지),"""밴드 할 생각 없었는데.""","""밴드 할 생각 없었는데."""
E1_10:7.c2,1-10 · 다시 열린 케이스 · 선택지 2,(선택지),"""보컬 자리는 네 거야.""","""보컬 자리는 네 거야."""
E1_10:7.c3,1-10 · 다시 열린 케이스 · 선택지 3,(선택지),"""마스크는 계속 쓸 거야?""","""마스크는 계속 쓸 거야?"""
E1_10:8.1,1-10 · 다시 열린 케이스 · 선택지 1을 골랐을 때,루이,그럼 지금부터 해.,그럼 지금부터 해.
E1_10:8.2,1-10 · 다시 열린 케이스 · 선택지 2을 골랐을 때,루이,……당연하지. 다른 사람 주면 가만 안 둬.,……당연하지. 다른 사람 주면 가만 안 둬.
E1_10:8.3,1-10 · 다시 열린 케이스 · 선택지 3을 골랐을 때,루이,응. 이거 없으면 못 불러. 이유는 아직 말 안 해.,응. 이거 없으면 못 불러. 이유는 아직 말 안 해.
E1_10:9,1-10 · 다시 열린 케이스,@NAME,그럼 아직은 안 물어볼게.,그럼 아직은 안 물어볼게.
E1_10:10,1-10 · 다시 열린 케이스,루이,……그래 줘.,……그래 줘.
E1_10:11,1-10 · 다시 열린 케이스,루이,근데 둘로는 밴드가 안 되잖아.,근데 둘로는 밴드가 안 되잖아.
E1_10:12,1-10 · 다시 열린 케이스,루이,나머지는 네가 찾아. 넌 이 동네 가게를 벌써 반은 돌았잖아.,나머지는 네가 찾아. 넌 이 동네 가게를 벌써 반은 돌았잖아.
E1_10:13,1-10 · 다시 열린 케이스,(내레이션),케이스를 닫지 않고 대기실을 나왔다. 1년 동안 한 번도 그런 적이 없었다.,케이스를 닫지 않고 대기실을 나왔다. 1년 동안 한 번도 그런 적이 없었다.
E2_1:0,2-1 · 빈자리 세기,(내레이션),"월요일 밤, 공연이 끝난 0dB에서 의자를 다 올려놓고 나니 루이가 무대 끝에 걸터앉아 있다.","월요일 밤, 공연이 끝난 0dB에서 의자를 다 올려놓고 나니 루이가 무대 끝에 걸터앉아 있다."
E2_1:1,2-1 · 빈자리 세기,세리자와 점장,둘 다 잠깐 앉아 봐.,둘 다 잠깐 앉아 봐.
E2_1:2,2-1 · 빈자리 세기,세리자와 점장,"5월 16일 금요일, 평일 밤 자리가 하나 비었어. 새 밴드 셋이 나눠 쓰는 날이야. 한 팀에 두 곡.","5월 16일 금요일, 평일 밤 자리가 하나 비었어. 새 밴드 셋이 나눠 쓰는 날이야. 한 팀에 두 곡."
E2_1:3,2-1 · 빈자리 세기,세리자와 점장,관객은 보장 못 해. 평일 밤이라 다섯 명 오면 다행이지.,관객은 보장 못 해. 평일 밤이라 다섯 명 오면 다행이지.
E2_1:4,2-1 · 빈자리 세기,루이,다섯 명이요?,다섯 명이요?
E2_1:5,2-1 · 빈자리 세기,세리자와 점장,"그 다섯 명도 너희가 데려와야 돼. 오픈 마이크에서 너희 본 사람이든, PULSE로 아는 사람이든.","그 다섯 명도 너희가 데려와야 돼. 오픈 마이크에서 너희 본 사람이든, PULSE로 아는 사람이든."
E2_1:6,2-1 · 빈자리 세기,세리자와 점장,그리고 둘로는 안 세워. 밴드라며.,그리고 둘로는 안 세워. 밴드라며.
E2_1:7,2-1 · 빈자리 세기,(내레이션),점장이 사무실로 들어가자 루이가 손가락을 하나씩 접는다.,점장이 사무실로 들어가자 루이가 손가락을 하나씩 접는다.
E2_1:8,2-1 · 빈자리 세기,루이,드럼. 베이스. 건반. 기타는 네가 치면 되고.,드럼. 베이스. 건반. 기타는 네가 치면 되고.
E2_1:9,2-1 · 빈자리 세기,@NAME,나 혼자 넷 다 칠 수는 없잖아.,나 혼자 넷 다 칠 수는 없잖아.
E2_1:10,2-1 · 빈자리 세기,루이,칠 수는 있잖아. 동시에 못 칠 뿐이지.,칠 수는 있잖아. 동시에 못 칠 뿐이지.
E2_1:11,2-1 · 빈자리 세기,루이,아는 사람 없어? 이 동네에서.,아는 사람 없어? 이 동네에서.
E2_1:12,2-1 · 빈자리 세기,(내레이션),라멘집 벽에 걸려 있던 스틱이 떠오른다. 끝이 하얗게 닳아 있었다.,라멘집 벽에 걸려 있던 스틱이 떠오른다. 끝이 하얗게 닳아 있었다.
E2_1:13,2-1 · 빈자리 세기,(내레이션),3박자라고 발끝을 지적하던 사람이 떠오른다. 그 사람은 박자를 틀린 적이 없을 것 같다.,3박자라고 발끝을 지적하던 사람이 떠오른다. 그 사람은 박자를 틀린 적이 없을 것 같다.
E2_1:14,2-1 · 빈자리 세기,(내레이션),헌옷가게 앞의 F 코드가 떠오른다. 이제는 소리가 날까.,헌옷가게 앞의 F 코드가 떠오른다. 이제는 소리가 날까.
E2_1:15,2-1 · 빈자리 세기,(내레이션),kero_P가 보내 준 곡이 떠오른다. 그 베이스 라인은 아직 귀에 남아 있다.,kero_P가 보내 준 곡이 떠오른다. 그 베이스 라인은 아직 귀에 남아 있다.
E2_1:16,2-1 · 빈자리 세기,루이,……누가 떠오르긴 하나 보네. 얼굴에 다 나와.,……누가 떠오르긴 하나 보네. 얼굴에 다 나와.
E2_1:17,2-1 · 빈자리 세기,루이,일단 수요일에 스튜디오 가자. 둘이서 어디까지 되는지부터 보고.,일단 수요일에 스튜디오 가자. 둘이서 어디까지 되는지부터 보고.
E2_2:0,2-2 · 둘이서 맞춰 보기,(내레이션),"수요일 밤, UNDERPASS 스튜디오에 들어왔다. 루이는 방음문을 닫자마자 방 안을 한 바퀴 돌았다.","수요일 밤, UNDERPASS 스튜디오에 들어왔다. 루이는 방음문을 닫자마자 방 안을 한 바퀴 돌았다."
E2_2:1,2-2 · 둘이서 맞춰 보기,루이,전철 지나갈 때마다 벽이 울려.,전철 지나갈 때마다 벽이 울려.
E2_2:2,2-2 · 둘이서 맞춰 보기,@NAME,그래서 싸.,그래서 싸.
E2_2:3,2-2 · 둘이서 맞춰 보기,루이,뭐 칠 거야? 기타? 베이스?,뭐 칠 거야? 기타? 베이스?
E2_2:4,2-2 · 둘이서 맞춰 보기,(내레이션),"드럼 세트, 베이스 앰프, 낡은 건반이 있다. 전부 칠 줄은 알지만 한 번에 하나씩밖에 못 친다.","드럼 세트, 베이스 앰프, 낡은 건반이 있다. 전부 칠 줄은 알지만 한 번에 하나씩밖에 못 친다."
E2_2:5,2-2 · 둘이서 맞춰 보기,루이,"반 박자 어긋난 거, 그거 해 보자. 영상에서 두 번째로 했던 곡.","반 박자 어긋난 거, 그거 해 보자. 영상에서 두 번째로 했던 곡."
E2_2:6.c1,2-2 · 둘이서 맞춰 보기 · 선택지 1,(선택지),"""그 곡은……""","""그 곡은……"""
E2_2:6.c2,2-2 · 둘이서 맞춰 보기 · 선택지 2,(선택지),(고개를 끄덕인다),(고개를 끄덕인다)
E2_2:7.1,2-2 · 둘이서 맞춰 보기 · 선택지 1을 골랐을 때,루이,알아. 그 곡 중간에 소리가 끊겼지. 그러니까 한 번은 끝까지 쳐 보자는 거야.,알아. 그 곡 중간에 소리가 끊겼지. 그러니까 한 번은 끝까지 쳐 보자는 거야.
E2_2:7.2,2-2 · 둘이서 맞춰 보기 · 선택지 2을 골랐을 때,루이,후렴 전까지만. 오늘은 거기까지.,후렴 전까지만. 오늘은 거기까지.
E2_2B:0,2-2 · 합주 끝,루이,……처음 맞춰 본 거 맞아?,……처음 맞춰 본 거 맞아?
E2_2B:1,2-2 · 합주 끝,@NAME,네 목소리가 박자를 안 흔들어서 편했어.,네 목소리가 박자를 안 흔들어서 편했어.
E2_2B:2,2-2 · 합주 끝,루이,칭찬이면 그냥 칭찬이라고 해.,칭찬이면 그냥 칭찬이라고 해.
E2_2B:3,2-2 · 합주 끝,루이,나쁘진 않았어. 좋지도 않았고.,나쁘진 않았어. 좋지도 않았고.
E2_2B:4,2-2 · 합주 끝,루이,넌 틀린 데서 표정이 다 보여. 관객도 다 봐.,넌 틀린 데서 표정이 다 보여. 관객도 다 봐.
E2_2B:5,2-2 · 합주 끝,루이,근데 역시 둘로는 안 돼. 뒤가 텅 비어.,근데 역시 둘로는 안 돼. 뒤가 텅 비어.
E2_2B:6,2-2 · 합주 끝,루이,누구한테 먼저 말해 볼 거야?,누구한테 먼저 말해 볼 거야?
E2_2B:7.c1,2-2 · 합주 끝 · 선택지 1,(선택지),라멘집 벽에 걸린 스틱이 떠오른다,라멘집 벽에 걸린 스틱이 떠오른다
E2_2B:7.c2,2-2 · 합주 끝 · 선택지 2,(선택지),개구리 프로필의 베이스 라인이 떠오른다,개구리 프로필의 베이스 라인이 떠오른다
E2_2B:7.c3,2-2 · 합주 끝 · 선택지 3,(선택지),3박자를 세던 사람이 떠오른다,3박자를 세던 사람이 떠오른다
E2_2B:8.1,2-2 · 합주 끝 · 선택지 1을 골랐을 때,루이,드럼이면 제일 급한 거네. 잘 골랐어.,드럼이면 제일 급한 거네. 잘 골랐어.
E2_2B:8.2,2-2 · 합주 끝 · 선택지 2을 골랐을 때,루이,개구리? DM으로만 아는 사람을 밴드에 넣겠다고?,개구리? DM으로만 아는 사람을 밴드에 넣겠다고?
E2_2B:8.3,2-2 · 합주 끝 · 선택지 3을 골랐을 때,루이,건반? 그 사람 무섭게 생겼으면 나는 안 따라간다.,건반? 그 사람 무섭게 생겼으면 나는 안 따라간다.
E2_3A:0,2-3A · 라멘집 뒷문,(내레이션),"목요일 밤 열한 시, 멘야 도돈은 셔터가 반쯤 내려와 있다.","목요일 밤 열한 시, 멘야 도돈은 셔터가 반쯤 내려와 있다."
E2_3A:1,2-3A · 라멘집 뒷문,(내레이션),"가게 뒤 골목에서 소리가 난다. 탁, 타닥, 탁. 빈 양동이와 맥주 상자를 두드리는 소리다.","가게 뒤 골목에서 소리가 난다. 탁, 타닥, 탁. 빈 양동이와 맥주 상자를 두드리는 소리다."
E2_3A:2,2-3A · 라멘집 뒷문,(내레이션),렌이 뒤집어 놓은 양동이 앞에 앉아 나무젓가락으로 박자를 치고 있다. 소리는 작은데 박자가 단단하다.,렌이 뒤집어 놓은 양동이 앞에 앉아 나무젓가락으로 박자를 치고 있다. 소리는 작은데 박자가 단단하다.
E2_3A:3,2-3A · 라멘집 뒷문,렌,아.,아.
E2_3A:4,2-3A · 라멘집 뒷문,렌,들으셨어요? 가게 문 닫고 나면 손이 심심해서요.,들으셨어요? 가게 문 닫고 나면 손이 심심해서요.
E2_3A:5.c1,2-3A · 라멘집 뒷문 · 선택지 1,(선택지),"""스틱은 왜 벽에 걸어 둬요?""","""스틱은 왜 벽에 걸어 둬요?"""
E2_3A:5.c2,2-3A · 라멘집 뒷문 · 선택지 2,(선택지),"""양동이 소리 좋네요.""","""양동이 소리 좋네요."""
E2_3A:5.c3,2-3A · 라멘집 뒷문 · 선택지 3,(선택지),"""같이 밴드 할래요?""","""같이 밴드 할래요?"""
E2_3A:6.1,2-3A · 라멘집 뒷문 · 선택지 1을 골랐을 때,렌,쓸 일이 없어서요. 이번 봄까지만 치기로 했거든요.,쓸 일이 없어서요. 이번 봄까지만 치기로 했거든요.
E2_3A:6.2,2-3A · 라멘집 뒷문 · 선택지 2을 골랐을 때,렌,이게 제일 조용해요. 스네어 치면 아버지가 깨셔서.,이게 제일 조용해요. 스네어 치면 아버지가 깨셔서.
E2_3A:6.3,2-3A · 라멘집 뒷문 · 선택지 3을 골랐을 때,렌,……밴드요?,……밴드요?
E2_3A:7,2-3A · 라멘집 뒷문,렌,죄송해요. 드럼은 이번 봄까지만 하기로 했어요.,죄송해요. 드럼은 이번 봄까지만 하기로 했어요.
E2_3A:8,2-3A · 라멘집 뒷문,@NAME,이유 물어봐도 돼요?,이유 물어봐도 돼요?
E2_3A:9,2-3A · 라멘집 뒷문,렌,…….,…….
E2_3A:10,2-3A · 라멘집 뒷문,(내레이션),가게 안에서 기침 소리가 들린다. 길고 무거운 기침이다. 렌이 가게 쪽을 돌아봤다가 다시 이쪽을 본다.,가게 안에서 기침 소리가 들린다. 길고 무거운 기침이다. 렌이 가게 쪽을 돌아봤다가 다시 이쪽을 본다.
E2_3A:11,2-3A · 라멘집 뒷문,렌,별 이유 없어요. 가게 일이 바빠져서요.,별 이유 없어요. 가게 일이 바빠져서요.
E2_3A:12,2-3A · 라멘집 뒷문,렌,그래도 누가 쳐 달라고 한 건 오랜만이에요. 고마워요.,그래도 누가 쳐 달라고 한 건 오랜만이에요. 고마워요.
E2_3A:13,2-3A · 라멘집 뒷문,(내레이션),렌은 나무젓가락을 앞치마 주머니에 넣고 셔터를 마저 내렸다. 내리는 속도까지 일정했다.,렌은 나무젓가락을 앞치마 주머니에 넣고 셔터를 마저 내렸다. 내리는 속도까지 일정했다.
E2_4A:0,2-4A · 스틱을 반납하러 온 밤,(내레이션),"월요일 저녁, 0dB 카운터에 렌이 서 있다. 손에 든 스틱 한 쌍은 가게 벽에 걸려 있던 그 스틱이다.","월요일 저녁, 0dB 카운터에 렌이 서 있다. 손에 든 스틱 한 쌍은 가게 벽에 걸려 있던 그 스틱이다."
E2_4A:1,2-4A · 스틱을 반납하러 온 밤,세리자와 점장,이거 내가 준 거잖아. 네가 고등학생 때 여기서 처음 쳤을 때.,이거 내가 준 거잖아. 네가 고등학생 때 여기서 처음 쳤을 때.
E2_4A:2,2-4A · 스틱을 반납하러 온 밤,렌,네. 그래서 돌려드리려고요. 봄 끝났으니까.,네. 그래서 돌려드리려고요. 봄 끝났으니까.
E2_4A:3,2-4A · 스틱을 반납하러 온 밤,세리자와 점장,……그래. 거기 둬.,……그래. 거기 둬.
E2_4A:4,2-4A · 스틱을 반납하러 온 밤,(내레이션),점장은 스틱을 받지 않고 카운터에 내려놓게 했다. 그러고는 이쪽을 한 번 보고 사무실로 들어갔다.,점장은 스틱을 받지 않고 카운터에 내려놓게 했다. 그러고는 이쪽을 한 번 보고 사무실로 들어갔다.
E2_4A:5,2-4A · 스틱을 반납하러 온 밤,렌,"아, 계셨네요.","아, 계셨네요."
E2_4A:6.c1,2-4A · 스틱을 반납하러 온 밤 · 선택지 1,(선택지),"""그만두지 마요. 우리 밴드에서 쳐 줘요.""","""그만두지 마요. 우리 밴드에서 쳐 줘요."""
E2_4A:6.c2,2-4A · 스틱을 반납하러 온 밤 · 선택지 2,(선택지),"""……수고했어요.""","""……수고했어요."""
E2_4A:6.c3,2-4A · 스틱을 반납하러 온 밤 · 선택지 3,(선택지),"""마지막으로 한 곡만 쳐 줄래요?""","""마지막으로 한 곡만 쳐 줄래요?"""
E2_4A:7,2-4A · 스틱을 반납하러 온 밤,렌,…….,…….
E2_4A:8,2-4A · 스틱을 반납하러 온 밤,렌,가게 빚이 있어요. 아버지 혼자서는 못 갚아요. 밤에는 제가 가게를 봐야 하고요.,가게 빚이 있어요. 아버지 혼자서는 못 갚아요. 밤에는 제가 가게를 봐야 하고요.
E2_4A:9,2-4A · 스틱을 반납하러 온 밤,@NAME,연습은 가게 끝나고 해요. 밤 열한 시 넘어서. 스튜디오 심야는 싸요.,연습은 가게 끝나고 해요. 밤 열한 시 넘어서. 스튜디오 심야는 싸요.
E2_4A:10,2-4A · 스틱을 반납하러 온 밤,렌,……그 시간에는 제 박자가 제일 잘 맞아요.,……그 시간에는 제 박자가 제일 잘 맞아요.
E2_4A:11,2-4A · 스틱을 반납하러 온 밤,렌,지금 심박 140쯤 돼요. 템포 얘기예요.,지금 심박 140쯤 돼요. 템포 얘기예요.
E2_4A:12,2-4A · 스틱을 반납하러 온 밤,(내레이션),렌이 카운터에 내려놓았던 스틱을 다시 집었다.,렌이 카운터에 내려놓았던 스틱을 다시 집었다.
E2_4A:13,2-4A · 스틱을 반납하러 온 밤,렌,네. 라멘 먹으러 오세요. 그건 계속하니까요.,네. 라멘 먹으러 오세요. 그건 계속하니까요.
E2_4A:14,2-4A · 스틱을 반납하러 온 밤,(내레이션),스틱은 카운터에 남았다. 점장은 그걸 다음 날에도 치우지 않았다.,스틱은 카운터에 남았다. 점장은 그걸 다음 날에도 치우지 않았다.
E2_4A:15,2-4A · 스틱을 반납하러 온 밤,렌,지금요?,지금요?
E2_4A:16,2-4A · 스틱을 반납하러 온 밤,(내레이션),렌이 무대 위 드럼 앞에 앉는다. 카운트 넷을 세자마자 스네어 첫 타가 홀 안에 울렸다.,렌이 무대 위 드럼 앞에 앉는다. 카운트 넷을 세자마자 스네어 첫 타가 홀 안에 울렸다.
E2_4A:17,2-4A · 스틱을 반납하러 온 밤,(내레이션),딱 한 곡이었다. 끝나고 렌은 스틱을 드럼 위에 가지런히 올려놓았다.,딱 한 곡이었다. 끝나고 렌은 스틱을 드럼 위에 가지런히 올려놓았다.
E2_4A:18,2-4A · 스틱을 반납하러 온 밤,렌,……이러면 더 못 그만두잖아요.,……이러면 더 못 그만두잖아요.
E2_4A:19,2-4A · 스틱을 반납하러 온 밤,(내레이션),렌은 그 말만 하고 나갔다. 스틱은 드럼 위에 그대로 있다.,렌은 그 말만 하고 나갔다. 스틱은 드럼 위에 그대로 있다.
E2_3B:0,2-3B · 자판기 옆 개구리,(내레이션),"목요일 밤, kero_P에게 DM을 보냈다.","목요일 밤, kero_P에게 DM을 보냈다."
E2_3B:1,2-3B · 자판기 옆 개구리,@NAME,"보내 준 곡, 베이스 누가 쳤어요?","보내 준 곡, 베이스 누가 쳤어요?"
E2_3B:2,2-3B · 자판기 옆 개구리,@NAME,저번에 답장 못 해서 미안해요. 곡 만든다고 했죠?,저번에 답장 못 해서 미안해요. 곡 만든다고 했죠?
E2_3B:3,2-3B · 자판기 옆 개구리,@kero_P,제가요. 방에서 녹음해요.,제가요. 방에서 녹음해요.
E2_3B:4,2-3B · 자판기 옆 개구리,@NAME,밴드를 하려는데 베이스가 없어요.,밴드를 하려는데 베이스가 없어요.
E2_3B:5,2-3B · 자판기 옆 개구리,(내레이션),읽음 표시가 뜨고 한참 동안 답이 없다.,읽음 표시가 뜨고 한참 동안 답이 없다.
E2_3B:6,2-3B · 자판기 옆 개구리,@kero_P,무대는 못 서요.,무대는 못 서요.
E2_3B:7,2-3B · 자판기 옆 개구리,@kero_P,근데 베이스 라인은 드릴 수 있어요. 0dB 앞 자판기 옆에 두고 갈게요. 30분 뒤에요.,근데 베이스 라인은 드릴 수 있어요. 0dB 앞 자판기 옆에 두고 갈게요. 30분 뒤에요.
E2_3B:8,2-3B · 자판기 옆 개구리,(내레이션),"30분 뒤, 0dB 앞 자판기 불빛 아래에 개구리 스티커가 붙은 USB 하나가 놓여 있다.","30분 뒤, 0dB 앞 자판기 불빛 아래에 개구리 스티커가 붙은 USB 하나가 놓여 있다."
E2_3B:9,2-3B · 자판기 옆 개구리,(내레이션),"골목 끝에 누가 서 있다. 초록 후드를 뒤집어썼는데, 후드에 눈알 두 개가 달렸다.","골목 끝에 누가 서 있다. 초록 후드를 뒤집어썼는데, 후드에 눈알 두 개가 달렸다."
E2_3B:10,2-3B · 자판기 옆 개구리,(내레이션),눈이 마주쳤다. 그 사람이 그대로 굳었다.,눈이 마주쳤다. 그 사람이 그대로 굳었다.
E2_3B:11,2-3B · 자판기 옆 개구리,후드 쓴 여자,"그, 그거…… 베이스……","그, 그거…… 베이스……"
E2_3B:12,2-3B · 자판기 옆 개구리,후드 쓴 여자,들어 보…… 세요. 안 들어도……,들어 보…… 세요. 안 들어도……
E2_3B:13.c1,2-3B · 자판기 옆 개구리 · 선택지 1,(선택지),"""kero_P?""","""kero_P?"""
E2_3B:13.c2,2-3B · 자판기 옆 개구리 · 선택지 2,(선택지),(USB를 들어 보인다),(USB를 들어 보인다)
E2_3B:13.c3,2-3B · 자판기 옆 개구리 · 선택지 3,(선택지),"""같이 하자.""","""같이 하자."""
E2_3B:14.1,2-3B · 자판기 옆 개구리 · 선택지 1을 골랐을 때,후드 쓴 여자,…….,…….
E2_3B:14.2,2-3B · 자판기 옆 개구리 · 선택지 2을 골랐을 때,후드 쓴 여자,……네.,……네.
E2_3B:14.3,2-3B · 자판기 옆 개구리 · 선택지 3을 골랐을 때,후드 쓴 여자,"무, 무대는……","무, 무대는……"
E2_3B:15,2-3B · 자판기 옆 개구리,(내레이션),그 사람은 고개를 한 번 꾸벅 숙이고 골목으로 뛰어갔다. 슬리퍼 소리가 멀어진다.,그 사람은 고개를 한 번 꾸벅 숙이고 골목으로 뛰어갔다. 슬리퍼 소리가 멀어진다.
E2_3B:16,2-3B · 자판기 옆 개구리,(내레이션),집에 와서 USB를 꽂았다. 파일 이름이 「bass_for_you.wav」다.,집에 와서 USB를 꽂았다. 파일 이름이 「bass_for_you.wav」다.
E2_3B:17,2-3B · 자판기 옆 개구리,(내레이션),폴더에 메모 파일이 하나 있다. 곡 설명 끝에 「히나타 코토」라는 이름이 적혀 있다.,폴더에 메모 파일이 하나 있다. 곡 설명 끝에 「히나타 코토」라는 이름이 적혀 있다.
E2_3B:18,2-3B · 자판기 옆 개구리,@kero_P,아까는 죄송했어요. 사람 얼굴 보면 말이 반만 나와서요.,아까는 죄송했어요. 사람 얼굴 보면 말이 반만 나와서요.
E2_3B:19,2-3B · 자판기 옆 개구리,@kero_P,"베이스, 들어 보셨어요?","베이스, 들어 보셨어요?"
E2_4B:0,2-4B · 첫 번째 파일,(내레이션),"월요일 밤, 코토가 보낸 베이스 트랙을 스튜디오 스피커로 틀었다.","월요일 밤, 코토가 보낸 베이스 트랙을 스튜디오 스피커로 틀었다."
E2_4B:1,2-4B · 첫 번째 파일,(내레이션),루이가 가사 없이 흥얼거리다 멈췄다.,루이가 가사 없이 흥얼거리다 멈췄다.
E2_4B:2,2-4B · 첫 번째 파일,루이,이거 누가 친 거야? 되게…… 노래하기 편해.,이거 누가 친 거야? 되게…… 노래하기 편해.
E2_4B:3,2-4B · 첫 번째 파일,@NAME,개구리.,개구리.
E2_4B:4,2-4B · 첫 번째 파일,루이,진지하게 묻는 건데.,진지하게 묻는 건데.
E2_4B:5,2-4B · 첫 번째 파일,(내레이션),그날 밤 코토에게 DM을 보낸다.,그날 밤 코토에게 DM을 보낸다.
E2_4B:6,2-4B · 첫 번째 파일,@kero_P,들으셨어요?,들으셨어요?
E2_4B:7,2-4B · 첫 번째 파일,@kero_P,밴드 하시는 분들한테 제 베이스가 필요할 리가 없는데.,밴드 하시는 분들한테 제 베이스가 필요할 리가 없는데.
E2_4B:8.c1,2-4B · 첫 번째 파일 · 선택지 1,(선택지),"""무대 옆에서라도 같이 하자.""","""무대 옆에서라도 같이 하자."""
E2_4B:8.c2,2-4B · 첫 번째 파일 · 선택지 2,(선택지),"""파일로 같이 해도 돼.""","""파일로 같이 해도 돼."""
E2_4B:8.c3,2-4B · 첫 번째 파일 · 선택지 3,(선택지),"""다음에 다시 물어볼게.""","""다음에 다시 물어볼게."""
E2_4B:9,2-4B · 첫 번째 파일,@kero_P,무대 옆이요?,무대 옆이요?
E2_4B:10,2-4B · 첫 번째 파일,@kero_P,……조명 안 닿는 데면 한 번 가 볼게요.,……조명 안 닿는 데면 한 번 가 볼게요.
E2_4B:11,2-4B · 첫 번째 파일,@kero_P,후드는 쓰고 갈 거예요.,후드는 쓰고 갈 거예요.
E2_4B:12,2-4B · 첫 번째 파일,@kero_P,파일로요?,파일로요?
E2_4B:13,2-4B · 첫 번째 파일,@kero_P,그럼 매주 보낼게요. 고칠 데 있으면 말해 주세요. 말로 말고 DM으로요.,그럼 매주 보낼게요. 고칠 데 있으면 말해 주세요. 말로 말고 DM으로요.
E2_4B:14,2-4B · 첫 번째 파일,@kero_P,"네. 기다릴게요. 아, 기다린다고 부담 가지시라는 건 아니고요.","네. 기다릴게요. 아, 기다린다고 부담 가지시라는 건 아니고요."
E2_4B:15,2-4B · 첫 번째 파일,@kero_P,(개구리 이모티콘),(개구리 이모티콘)
E2_3C:0,2-3C · 틀린 음 세 개,(내레이션),"목요일 밤, 레코드샵 사이드B에 갔다. 레이는 오늘도 클래식 악보 코너 앞에 있다.","목요일 밤, 레코드샵 사이드B에 갔다. 레이는 오늘도 클래식 악보 코너 앞에 있다."
E2_3C:1,2-3C · 틀린 음 세 개,레이,또 왔네. 이번엔 발 조심해.,또 왔네. 이번엔 발 조심해.
E2_3C:2,2-3C · 틀린 음 세 개,@NAME,건반 칠 사람을 찾고 있어.,건반 칠 사람을 찾고 있어.
E2_3C:3,2-3C · 틀린 음 세 개,레이,그걸 왜 나한테 말해.,그걸 왜 나한테 말해.
E2_3C:4,2-3C · 틀린 음 세 개,@NAME,박자를 틀린 적이 없을 것 같아서.,박자를 틀린 적이 없을 것 같아서.
E2_3C:5,2-3C · 틀린 음 세 개,레이,틀려. 사람이니까. 대신 한 번 틀린 데는 기억해 뒀다가 다음엔 안 틀려.,틀려. 사람이니까. 대신 한 번 틀린 데는 기억해 뒀다가 다음엔 안 틀려.
E2_3C:6,2-3C · 틀린 음 세 개,레이,……좋아. 네가 먼저 쳐 봐. 건반으로.,……좋아. 네가 먼저 쳐 봐. 건반으로.
E2_3C:7,2-3C · 틀린 음 세 개,레이,가게 뒤에 사장님 연습용 키보드 있어. 틀린 음 세 개까지만 봐줄게.,가게 뒤에 사장님 연습용 키보드 있어. 틀린 음 세 개까지만 봐줄게.
E2_3C2:0,2-3C · 채점,레이,……두 개.,……두 개.
E2_3C2:1,2-3C · 채점,레이,건반이 본업도 아닌 사람치고는 괜찮네. 한 개로 줄여 오면 생각해 볼게.,건반이 본업도 아닌 사람치고는 괜찮네. 한 개로 줄여 오면 생각해 볼게.
E2_3C2:2,2-3C · 채점,레이,여섯 개. 세 개라고 했지.,여섯 개. 세 개라고 했지.
E2_3C2:3,2-3C · 채점,레이,그래도 박자는 안 흔들렸어. 음이 틀려도 박자가 안 흔들리는 사람은 드물어.,그래도 박자는 안 흔들렸어. 음이 틀려도 박자가 안 흔들리는 사람은 드물어.
E2_3C2:4,2-3C · 채점,레이,월요일에 너희 연습하는 데 한 번 가 볼게. 듣기만.,월요일에 너희 연습하는 데 한 번 가 볼게. 듣기만.
E2_4C:0,2-4C · 3BPM,(내레이션),"월요일 밤, 스튜디오 문이 열리고 레이가 들어왔다. 인사 대신 메트로놈 앱을 켠다.","월요일 밤, 스튜디오 문이 열리고 레이가 들어왔다. 인사 대신 메트로놈 앱을 켠다."
E2_4C:1,2-4C · 3BPM,루이,……이 사람이야?,……이 사람이야?
E2_4C:2,2-4C · 3BPM,레이,신경 쓰지 말고 해. 나는 듣기만 할 거야.,신경 쓰지 말고 해. 나는 듣기만 할 거야.
E2_4C:3,2-4C · 3BPM,(내레이션),루이와 둘이서 한 곡을 한다. 레이는 벽에 기대 눈을 감고 있다.,루이와 둘이서 한 곡을 한다. 레이는 벽에 기대 눈을 감고 있다.
E2_4C:4,2-4C · 3BPM,레이,후렴 들어가기 전에 둘 다 빨라져. 한 마디에 3BPM쯤.,후렴 들어가기 전에 둘 다 빨라져. 한 마디에 3BPM쯤.
E2_4C:5,2-4C · 3BPM,루이,그걸 어떻게 알아.,그걸 어떻게 알아.
E2_4C:6,2-4C · 3BPM,레이,들리니까.,들리니까.
E2_4C:7,2-4C · 3BPM,레이,그리고 건반 들어갈 자리가 이상해. 원곡 편곡을 그대로 따라 하니까 그래. 둘이면 둘에 맞게 바꿔야지.,그리고 건반 들어갈 자리가 이상해. 원곡 편곡을 그대로 따라 하니까 그래. 둘이면 둘에 맞게 바꿔야지.
E2_4C:8.c1,2-4C · 3BPM · 선택지 1,(선택지),"""그럼 네가 편곡해 줘.""","""그럼 네가 편곡해 줘."""
E2_4C:8.c2,2-4C · 3BPM · 선택지 2,(선택지),"""네가 들어오면 되잖아.""","""네가 들어오면 되잖아."""
E2_4C:8.c3,2-4C · 3BPM · 선택지 3,(선택지),"""다음에 또 들으러 와.""","""다음에 또 들으러 와."""
E2_4C:9,2-4C · 3BPM,레이,……편곡?,……편곡?
E2_4C:10,2-4C · 3BPM,레이,편곡은 해 봤어. 내 이름이 남은 적이 없어서 그렇지.,편곡은 해 봤어. 내 이름이 남은 적이 없어서 그렇지.
E2_4C:11,2-4C · 3BPM,@NAME,이번엔 남기면 되지. 크레딧 맨 앞에.,이번엔 남기면 되지. 크레딧 맨 앞에.
E2_4C:12,2-4C · 3BPM,레이,……건반은 내가 칠 거야. 남이 치면 편곡이 망가지니까.,……건반은 내가 칠 거야. 남이 치면 편곡이 망가지니까.
E2_4C:13,2-4C · 3BPM,레이,들어오라는 말을 그렇게 쉽게 하는구나.,들어오라는 말을 그렇게 쉽게 하는구나.
E2_4C:14,2-4C · 3BPM,레이,좋아. 대신 박자 흔들리면 그 자리에서 멈출 거야. 무대 위라도.,좋아. 대신 박자 흔들리면 그 자리에서 멈출 거야. 무대 위라도.
E2_4C:15,2-4C · 3BPM,레이,기분 내키면.,기분 내키면.
E2_4C:16,2-4C · 3BPM,(내레이션),레이는 메트로놈 앱을 끄고 나갔다. 문 닫히는 소리까지 정박이었다.,레이는 메트로놈 앱을 끄고 나갔다. 문 닫히는 소리까지 정박이었다.
E2_5:0,2-5 · F 코드 소리 났어요,(내레이션),"공휴일인 수요일 낮, 개장 전인 0dB 계단에서 기타 케이스를 멘 누군가가 기다리고 있다.","공휴일인 수요일 낮, 개장 전인 0dB 계단에서 기타 케이스를 멘 누군가가 기다리고 있다."
E2_5:1,2-5 · F 코드 소리 났어요,나츠,선배! 오픈 마이크 봤어요! 저 맨 뒤에 있었어요!,선배! 오픈 마이크 봤어요! 저 맨 뒤에 있었어요!
E2_5:2,2-5 · F 코드 소리 났어요,기타 멘 남자애,저기요! 오픈 마이크 봤어요! 맨 뒤에서요!,저기요! 오픈 마이크 봤어요! 맨 뒤에서요!
E2_5:3,2-5 · F 코드 소리 났어요,기타 멘 남자애,"아, 갑자기 죄송해요. 이부키 나츠예요. 상점가 헌옷가게에서 알바해요.","아, 갑자기 죄송해요. 이부키 나츠예요. 상점가 헌옷가게에서 알바해요."
E2_5:4,2-5 · F 코드 소리 났어요,나츠,밴드 하신다는 거 진짜예요? 점장님이 그러던데.,밴드 하신다는 거 진짜예요? 점장님이 그러던데.
E2_5:5,2-5 · F 코드 소리 났어요,@NAME,점장님 입이 가볍네.,점장님 입이 가볍네.
E2_5:6,2-5 · F 코드 소리 났어요,나츠,저도 끼워 주세요! 기타요! 선배가 기타 치시면 저는 세컨드라도요!,저도 끼워 주세요! 기타요! 선배가 기타 치시면 저는 세컨드라도요!
E2_5:7,2-5 · F 코드 소리 났어요,나츠,F 코드 이제 소리 나요. 들어 보실래요?,F 코드 이제 소리 나요. 들어 보실래요?
E2_5:8,2-5 · F 코드 소리 났어요,(내레이션),"나츠가 계단에 앉아 기타를 꺼낸다. C, G, Am을 지나 F에서 소리가 났다. 조금 떨리지만 끝까지 울린다.","나츠가 계단에 앉아 기타를 꺼낸다. C, G, Am을 지나 F에서 소리가 났다. 조금 떨리지만 끝까지 울린다."
E2_5:9,2-5 · F 코드 소리 났어요,(내레이션),검지를 눕히라고 했던 말을 그대로 지키고 있다. 손가락 옆에 물집이 잡혀 있다.,검지를 눕히라고 했던 말을 그대로 지키고 있다. 손가락 옆에 물집이 잡혀 있다.
E2_5:10,2-5 · F 코드 소리 났어요,나츠,어때요?,어때요?
E2_5:11.c1,2-5 · F 코드 소리 났어요 · 선택지 1,(선택지),"""같이 하자.""","""같이 하자."""
E2_5:11.c2,2-5 · F 코드 소리 났어요 · 선택지 2,(선택지),"""B♭도 잡으면 와.""","""B♭도 잡으면 와."""
E2_5:11.c3,2-5 · F 코드 소리 났어요 · 선택지 3,(선택지),"""왜 하필 우리 밴드야?""","""왜 하필 우리 밴드야?"""
E2_5:12,2-5 · F 코드 소리 났어요,나츠,진짜요?,진짜요?
E2_5:13,2-5 · F 코드 소리 났어요,나츠,진짜죠? 취소 없어요! 루이 선배한테도 말해도 돼요?,진짜죠? 취소 없어요! 루이 선배한테도 말해도 돼요?
E2_5:14,2-5 · F 코드 소리 났어요,나츠,B♭……. 그거 F보다 어려운 거죠.,B♭……. 그거 F보다 어려운 거죠.
E2_5:15,2-5 · F 코드 소리 났어요,나츠,잡아 올게요. 다음 달 안에요!,잡아 올게요. 다음 달 안에요!
E2_5:16,2-5 · F 코드 소리 났어요,나츠,……그 영상 보고 기타 시작했거든요.,……그 영상 보고 기타 시작했거든요.
E2_5:17,2-5 · F 코드 소리 났어요,나츠,"다들 웃긴 영상이라고 하는데, 저는 계속 이상했어요. 소리가요.","다들 웃긴 영상이라고 하는데, 저는 계속 이상했어요. 소리가요."
E2_5:18,2-5 · F 코드 소리 났어요,@NAME,소리가?,소리가?
E2_5:19,2-5 · F 코드 소리 났어요,나츠,"아, 아니에요! 그냥 그렇다고요. 아무튼 끼워 주세요!","아, 아니에요! 그냥 그렇다고요. 아무튼 끼워 주세요!"
E2_5:20.c1,2-5 · F 코드 소리 났어요 · 선택지 1,(선택지),"""……같이 하자.""","""……같이 하자."""
E2_5:20.c2,2-5 · F 코드 소리 났어요 · 선택지 2,(선택지),"""B♭도 잡으면 와.""","""B♭도 잡으면 와."""
E2_6:0,2-6 · 관객 다섯 명,(내레이션),"5월 16일 금요일 밤, 0dB 평일 밤 공연 날이다. 우리는 오늘 세 번째 순서다.","5월 16일 금요일 밤, 0dB 평일 밤 공연 날이다. 우리는 오늘 세 번째 순서다."
E2_6:1,2-6 · 관객 다섯 명,(내레이션),대기실에서 객석을 몰래 내다본다.,대기실에서 객석을 몰래 내다본다.
E2_6:2,2-6 · 관객 다섯 명,(내레이션),"한 명, 두 명……. 세다가 그만뒀다. 손가락을 다 접을 필요도 없었다.","한 명, 두 명……. 세다가 그만뒀다. 손가락을 다 접을 필요도 없었다."
E2_6:3,2-6 · 관객 다섯 명,나츠,맨 앞에 있는 둘은 제 반 친구예요! 억지로 끌고 왔어요!,맨 앞에 있는 둘은 제 반 친구예요! 억지로 끌고 왔어요!
E2_6:4,2-6 · 관객 다섯 명,렌,카운터 옆은 저희 아버지예요. 가게 일찍 닫고 오셨어요.,카운터 옆은 저희 아버지예요. 가게 일찍 닫고 오셨어요.
E2_6:5,2-6 · 관객 다섯 명,(내레이션),무대 옆 조명이 안 닿는 자리에서 초록 후드가 앰프 뒤로 반쯤 숨어 있다.,무대 옆 조명이 안 닿는 자리에서 초록 후드가 앰프 뒤로 반쯤 숨어 있다.
E2_6:6,2-6 · 관객 다섯 명,(내레이션),코토에게서 DM이 와 있다. 「스트리밍 켜 주시면 방에서 볼게요」.,코토에게서 DM이 와 있다. 「스트리밍 켜 주시면 방에서 볼게요」.
E2_6:7,2-6 · 관객 다섯 명,레이,관객 수는 세지 마. 박자만 세.,관객 수는 세지 마. 박자만 세.
E2_6:8,2-6 · 관객 다섯 명,루이,두 곡이야. 첫 곡은 카운트 넷.,두 곡이야. 첫 곡은 카운트 넷.
E2_6:9,2-6 · 관객 다섯 명,루이,두 번째는 그거. 반 박자.,두 번째는 그거. 반 박자.
E2_6:10.c1,2-6 · 관객 다섯 명 · 선택지 1,(선택지),(고개를 끄덕인다),(고개를 끄덕인다)
E2_6:10.c2,2-6 · 관객 다섯 명 · 선택지 2,(선택지),"""끝까지 칠게.""","""끝까지 칠게."""
E2_6:10.c3,2-6 · 관객 다섯 명 · 선택지 3,(선택지),"""……솔직히 무서워.""","""……솔직히 무서워."""
E2_6:11.1,2-6 · 관객 다섯 명 · 선택지 1을 골랐을 때,루이,가자.,가자.
E2_6:11.2,2-6 · 관객 다섯 명 · 선택지 2을 골랐을 때,루이,그래. 이번엔 끝까지.,그래. 이번엔 끝까지.
E2_6:11.3,2-6 · 관객 다섯 명 · 선택지 3을 골랐을 때,루이,알아. 나도 무서워. 그러니까 같이 가는 거야.,알아. 나도 무서워. 그러니까 같이 가는 거야.
E2_6M:0,2-6 · 곡 사이,(내레이션),첫 곡이 끝났다. 박수는 다섯 명분이다. 그래도 크게 들린다.,첫 곡이 끝났다. 박수는 다섯 명분이다. 그래도 크게 들린다.
E2_6M:1,2-6 · 곡 사이,루이,……다음 곡.,……다음 곡.
E2_6M:2,2-6 · 곡 사이,(내레이션),루이가 MC를 한 줄도 안 하고 바로 넘어갔다. 누군가 웃었다. 나쁜 웃음은 아니었다.,루이가 MC를 한 줄도 안 하고 바로 넘어갔다. 누군가 웃었다. 나쁜 웃음은 아니었다.
E2_7S:0,2-7S · 앵콜,(내레이션),두 번째 곡이 끝나자 다섯 명이 박수를 멈추지 않았다.,두 번째 곡이 끝나자 다섯 명이 박수를 멈추지 않았다.
E2_7S:1,2-7S · 앵콜,관객,한 곡 더!,한 곡 더!
E2_7S:2,2-7S · 앵콜,(내레이션),다섯 명이 앵콜을 외쳤다. 평일 밤 0dB에서 앵콜이 나온 건 오랜만이라고 점장이 나중에 말했다.,다섯 명이 앵콜을 외쳤다. 평일 밤 0dB에서 앵콜이 나온 건 오랜만이라고 점장이 나중에 말했다.
E2_7S:3,2-7S · 앵콜,루이,어떡해. 준비한 곡 없는데.,어떡해. 준비한 곡 없는데.
E2_7S:4.c1,2-7S · 앵콜 · 선택지 1,(선택지),"""카운트 넷, 한 번 더.""","""카운트 넷, 한 번 더."""
E2_7S:4.c2,2-7S · 앵콜 · 선택지 2,(선택지),"""인사만 하고 내려가자.""","""인사만 하고 내려가자."""
E2_7S:5,2-7S · 앵콜,(내레이션),같은 곡을 한 번 더 쳤다. 두 번째가 더 빨랐다. 아무도 신경 쓰지 않았다.,같은 곡을 한 번 더 쳤다. 두 번째가 더 빨랐다. 아무도 신경 쓰지 않았다.
E2_7S:6,2-7S · 앵콜,레이,6BPM 빨랐어. 오늘만 봐준다.,6BPM 빨랐어. 오늘만 봐준다.
E2_7S:7,2-7S · 앵콜,(내레이션),고개를 숙였다. 다섯 명의 박수 소리가 계단 위까지 들렸다.,고개를 숙였다. 다섯 명의 박수 소리가 계단 위까지 들렸다.
E2_7S:8,2-7S · 앵콜,세리자와 점장,다섯 명이 다섯 명 몫보다 더 떠들었네. PULSE 봐 봐.,다섯 명이 다섯 명 몫보다 더 떠들었네. PULSE 봐 봐.
E2_7S:9,2-7S · 앵콜,(내레이션),#0dB 태그에 사진이 세 장 올라와 있다. 흔들려서 얼굴은 잘 안 보인다. 그게 다행이었다.,#0dB 태그에 사진이 세 장 올라와 있다. 흔들려서 얼굴은 잘 안 보인다. 그게 다행이었다.
E2_7B:0,2-7B · 빈 객석,(내레이션),두 번째 곡 중간에 두 명이 전화를 받으며 나갔다. 우리 탓은 아닐지도 모른다.,두 번째 곡 중간에 두 명이 전화를 받으며 나갔다. 우리 탓은 아닐지도 모른다.
E2_7B:1,2-7B · 빈 객석,(내레이션),그래도 무대에서는 문이 닫히는 게 다 보였다.,그래도 무대에서는 문이 닫히는 게 다 보였다.
E2_7B:2,2-7B · 빈 객석,(내레이션),공연이 끝나고 대기실이 조용하다. 다들 짐을 싸는 척한다.,공연이 끝나고 대기실이 조용하다. 다들 짐을 싸는 척한다.
E2_7B:3,2-7B · 빈 객석,(내레이션),누가 옆에 와서 앉았다.,누가 옆에 와서 앉았다.
E2_7B:4,2-7B · 빈 객석,루이,"두 명 나간 거, 나도 봤어.","두 명 나간 거, 나도 봤어."
E2_7B:5,2-7B · 빈 객석,루이,근데 세 명은 끝까지 있었잖아. 나는 그 세 명 얼굴 기억할 거야.,근데 세 명은 끝까지 있었잖아. 나는 그 세 명 얼굴 기억할 거야.
E2_7B:6,2-7B · 빈 객석,렌,"두 번째 곡, 제가 후렴에서 좀 당겼어요. 죄송해요.","두 번째 곡, 제가 후렴에서 좀 당겼어요. 죄송해요."
E2_7B:7,2-7B · 빈 객석,렌,다음엔 안 당길게요. 가게 끝나고 연습 더 해요. 열한 시부터요.,다음엔 안 당길게요. 가게 끝나고 연습 더 해요. 열한 시부터요.
E2_7B:8,2-7B · 빈 객석,(내레이션),휴대폰이 울렸다. 앰프 뒤에 있던 초록 후드는 벌써 사라지고 없다.,휴대폰이 울렸다. 앰프 뒤에 있던 초록 후드는 벌써 사라지고 없다.
E2_7B:9,2-7B · 빈 객석,@kero_P,"나간 두 분, 표정 보니까 급한 전화였어요. 곡 때문 아니에요.","나간 두 분, 표정 보니까 급한 전화였어요. 곡 때문 아니에요."
E2_7B:10,2-7B · 빈 객석,@kero_P,저는 끝까지 봤어요. 그러니까 여섯 명 중에 넷이 남은 거예요.,저는 끝까지 봤어요. 그러니까 여섯 명 중에 넷이 남은 거예요.
E2_7B:11,2-7B · 빈 객석,레이,두 명 나갔을 때 박자가 흔들렸어. 그게 문제야.,두 명 나갔을 때 박자가 흔들렸어. 그게 문제야.
E2_7B:12,2-7B · 빈 객석,레이,……나도 흔들렸어. 그러니까 너만 그런 거 아니야.,……나도 흔들렸어. 그러니까 너만 그런 거 아니야.
E2_7B:13,2-7B · 빈 객석,나츠,제 반 친구들은 끝까지 있었어요! 진짜 좋았대요. 진짜로요.,제 반 친구들은 끝까지 있었어요! 진짜 좋았대요. 진짜로요.
E2_7B:14,2-7B · 빈 객석,나츠,다음엔 반 전체 데려올게요. 담임 선생님까지요.,다음엔 반 전체 데려올게요. 담임 선생님까지요.
E2_7B:15,2-7B · 빈 객석,(내레이션),"대기실 불을 끄고 나왔다. 다섯 명 중 세 명이 남았다. 숫자로 보면 초라한데, 세 사람 얼굴은 다 기억났다.","대기실 불을 끄고 나왔다. 다섯 명 중 세 명이 남았다. 숫자로 보면 초라한데, 세 사람 얼굴은 다 기억났다."
E2_8:0,2-8 · 이름을 정하는 밤,(내레이션),"일요일 밤, 공연이 끝난 0dB 대기실에서 점장이 포스터 시안을 테이블에 던졌다.","일요일 밤, 공연이 끝난 0dB 대기실에서 점장이 포스터 시안을 테이블에 던졌다."
E2_8:1,2-8 · 이름을 정하는 밤,세리자와 점장,다음 달 포스터 만들어야 하는데. 밴드 이름 뭐야?,다음 달 포스터 만들어야 하는데. 밴드 이름 뭐야?
E2_8:2,2-8 · 이름을 정하는 밤,(내레이션),다들 서로 얼굴만 본다. 아무도 정하지 않았다.,다들 서로 얼굴만 본다. 아무도 정하지 않았다.
E2_8:3,2-8 · 이름을 정하는 밤,나츠,「47 SECONDS」 어때요!,「47 SECONDS」 어때요!
E2_8:4,2-8 · 이름을 정하는 밤,루이,나츠.,나츠.
E2_8:5,2-8 · 이름을 정하는 밤,나츠,……취소요.,……취소요.
E2_8:6,2-8 · 이름을 정하는 밤,렌,「BPM120」은요. 제일 편한 템포라서요.,「BPM120」은요. 제일 편한 템포라서요.
E2_8:7,2-8 · 이름을 정하는 밤,레이,「Opus 0」. 아직 작품 번호도 없는 애들이니까.,「Opus 0」. 아직 작품 번호도 없는 애들이니까.
E2_8:8,2-8 · 이름을 정하는 밤,(내레이션),휴대폰이 울린다. 코토다. 「우물 밖 개구리」 어때요. 싫으면 무시해 주세요.,휴대폰이 울린다. 코토다. 「우물 밖 개구리」 어때요. 싫으면 무시해 주세요.
E2_8:9,2-8 · 이름을 정하는 밤,루이,……「RE:AMP」.,……「RE:AMP」.
E2_8:10,2-8 · 이름을 정하는 밤,루이,"꺼진 앰프를 다시 켠다는 뜻. 방금 생각한 거야. 아니, 좀 전부터.","꺼진 앰프를 다시 켠다는 뜻. 방금 생각한 거야. 아니, 좀 전부터."
E2_8:11,2-8 · 이름을 정하는 밤,세리자와 점장,정해. 포스터는 내일 인쇄 넘길 거야.,정해. 포스터는 내일 인쇄 넘길 거야.
E2_8B:0,2-8 · 이름,세리자와 점장,「@BAND」. 좋네. 포스터에 크게 박아 줄게.,「@BAND」. 좋네. 포스터에 크게 박아 줄게.
E2_8B:1,2-8 · 이름,루이,……@BAND.,……@BAND.
E2_8B:2,2-8 · 이름,(내레이션),루이가 입에 붙는지 확인하듯 한 번 더 작게 불러 봤다.,루이가 입에 붙는지 확인하듯 한 번 더 작게 불러 봤다.
E2_9:0,2-9 · 결성,(내레이션),점장이 대기실 벽 앞에 우리를 세웠다. SIGNAL LOST 사인 바로 옆에 빈자리가 있다.,점장이 대기실 벽 앞에 우리를 세웠다. SIGNAL LOST 사인 바로 옆에 빈자리가 있다.
E2_9:1,2-9 · 결성,세리자와 점장,사진 찍자. 가게 계정에 올릴 거야. 얼굴 가리고 싶은 사람은 가려.,사진 찍자. 가게 계정에 올릴 거야. 얼굴 가리고 싶은 사람은 가려.
E2_9:2,2-9 · 결성,(내레이션),루이는 마스크를 고쳐 썼다.,루이는 마스크를 고쳐 썼다.
E2_9:3,2-9 · 결성,(내레이션),코토는 후드를 끝까지 당겨 썼다. 그래도 사진 안에는 들어왔다.,코토는 후드를 끝까지 당겨 썼다. 그래도 사진 안에는 들어왔다.
E2_9:4,2-9 · 결성,(내레이션),코토는 영상 통화 화면으로 들어왔다. 휴대폰 화면 속 개구리 후드가 꾸벅 인사했다.,코토는 영상 통화 화면으로 들어왔다. 휴대폰 화면 속 개구리 후드가 꾸벅 인사했다.
E2_9:5,2-9 · 결성,(내레이션),렌은 맨 뒤에 섰다. 그래도 머리 하나가 더 나왔다.,렌은 맨 뒤에 섰다. 그래도 머리 하나가 더 나왔다.
E2_9:6,2-9 · 결성,(내레이션),"레이는 ""하나, 둘"" 하고 박자를 세더니 셋에 정확히 표정을 바꿨다.","레이는 ""하나, 둘"" 하고 박자를 세더니 셋에 정확히 표정을 바꿨다."
E2_9:7,2-9 · 결성,(내레이션),나츠는 두 손으로 브이를 했다.,나츠는 두 손으로 브이를 했다.
E2_9:8,2-9 · 결성,세리자와 점장,"하나, 둘……","하나, 둘……"
E2_9:9,2-9 · 결성,(내레이션),셔터 소리가 났다. 사진 속 나는 웃고 있었다. 이렇게 웃으며 찍힌 게 언제가 마지막이었는지 기억나지 않는다.,셔터 소리가 났다. 사진 속 나는 웃고 있었다. 이렇게 웃으며 찍힌 게 언제가 마지막이었는지 기억나지 않는다.
E2_9:10,2-9 · 결성,(내레이션),"SIGNAL LOST 사인 바로 옆, 사진 아래에 매직으로 「@BAND」라고 적었다.","SIGNAL LOST 사인 바로 옆, 사진 아래에 매직으로 「@BAND」라고 적었다."
E3_1:0,3-1 · 공연 다음 날,(내레이션),"월요일 아침, 휴대폰 알림이 평소보다 많다.","월요일 아침, 휴대폰 알림이 평소보다 많다."
E3_1:1,3-1 · 공연 다음 날,(내레이션),금요일 공연 영상이 PULSE에 올라와 있다. 객석 맨 뒤에서 찍은 1분짜리 영상이다.,금요일 공연 영상이 PULSE에 올라와 있다. 객석 맨 뒤에서 찍은 1분짜리 영상이다.
E3_1:2,3-1 · 공연 다음 날,PULSE,@nagisaka_night · 0dB 평일 밤에 이런 밴드가 있었네. 보컬 누구임?,@nagisaka_night · 0dB 평일 밤에 이런 밴드가 있었네. 보컬 누구임?
E3_1:3,3-1 · 공연 다음 날,PULSE,@riff_daily · 기타 47초 그 사람 맞지? 이번엔 안 멈췄네ㅋㅋ,@riff_daily · 기타 47초 그 사람 맞지? 이번엔 안 멈췄네ㅋㅋ
E3_1:4,3-1 · 공연 다음 날,PULSE,@minori_07 · 멈추는지 보려고 끝까지 봤는데 안 멈춤. 오히려 좋았음,@minori_07 · 멈추는지 보려고 끝까지 봤는데 안 멈춤. 오히려 좋았음
E3_1:5.c1,3-1 · 공연 다음 날 · 선택지 1,(선택지),(댓글을 끝까지 읽는다),(댓글을 끝까지 읽는다)
E3_1:5.c2,3-1 · 공연 다음 날 · 선택지 2,(선택지),(앱을 끈다),(앱을 끈다)
E3_1:6,3-1 · 공연 다음 날,(내레이션),"나쁜 말이 반, 좋은 말이 반이다. 좋은 말이 반이나 된다는 게 이상했다.","나쁜 말이 반, 좋은 말이 반이다. 좋은 말이 반이나 된다는 게 이상했다."
E3_1:7,3-1 · 공연 다음 날,(내레이션),휴대폰을 뒤집어 놓았다. 진동이 한 번 더 울렸지만 확인하지 않았다.,휴대폰을 뒤집어 놓았다. 진동이 한 번 더 울렸지만 확인하지 않았다.
E3_1:8,3-1 · 공연 다음 날,(내레이션),저녁에는 0dB에 나갔다.,저녁에는 0dB에 나갔다.
E3_1:9,3-1 · 공연 다음 날,세리자와 점장,영상 봤어. 조회수가 우리 가게 계정 1년 치보다 많더라.,영상 봤어. 조회수가 우리 가게 계정 1년 치보다 많더라.
E3_1:10,3-1 · 공연 다음 날,세리자와 점장,"6월 28일 토요일. 정기 공연 자리 줄게. 한 달에 한 번, 주말 저녁. 세 곡.","6월 28일 토요일. 정기 공연 자리 줄게. 한 달에 한 번, 주말 저녁. 세 곡."
E3_1:11,3-1 · 공연 다음 날,세리자와 점장,이번엔 서른 명은 채워야 돼. 표는 너희가 팔고.,이번엔 서른 명은 채워야 돼. 표는 너희가 팔고.
E3_1:12,3-1 · 공연 다음 날,루이,서른 명이요? 지난번엔 다섯 명이었는데요.,서른 명이요? 지난번엔 다섯 명이었는데요.
E3_1:13,3-1 · 공연 다음 날,세리자와 점장,그러니까 여섯 배만 늘리면 되잖아.,그러니까 여섯 배만 늘리면 되잖아.
E3_1:14,3-1 · 공연 다음 날,(내레이션),그때 누가 계단을 쿵쾅거리며 뛰어 내려왔다.,그때 누가 계단을 쿵쾅거리며 뛰어 내려왔다.
E3_1:15,3-1 · 공연 다음 날,나츠,선배! B♭! 잡았어요!,선배! B♭! 잡았어요!
E3_1:16,3-1 · 공연 다음 날,(내레이션),나츠가 숨을 몰아쉬며 기타를 꺼낸다. B♭이 울렸다. 깨끗하지는 않아도 분명한 소리다.,나츠가 숨을 몰아쉬며 기타를 꺼낸다. B♭이 울렸다. 깨끗하지는 않아도 분명한 소리다.
E3_1:17,3-1 · 공연 다음 날,나츠,이제 끼워 주시는 거죠?,이제 끼워 주시는 거죠?
E3_1:18,3-1 · 공연 다음 날,루이,시끄러워. 들어와.,시끄러워. 들어와.
E3_1:19,3-1 · 공연 다음 날,루이,세 곡이면 빈자리부터 채워야 해.,세 곡이면 빈자리부터 채워야 해.
E3_1:20,3-1 · 공연 다음 날,(내레이션),"드럼, 베이스, 건반 중에는 아직 비어 있는 자리도 있고, 채웠지만 아직 어색한 자리도 있다.","드럼, 베이스, 건반 중에는 아직 비어 있는 자리도 있고, 채웠지만 아직 어색한 자리도 있다."
E3_2Ra:0,3-2 · 렌 · 새벽 시장,(내레이션),"새벽 다섯 시, 어시장 입구에서 렌이 스티로폼 상자를 두 개씩 들고 걷고 있다.","새벽 다섯 시, 어시장 입구에서 렌이 스티로폼 상자를 두 개씩 들고 걷고 있다."
E3_2Ra:1,3-2 · 렌 · 새벽 시장,렌,……여기까지 오셨어요?,……여기까지 오셨어요?
E3_2Ra:2,3-2 · 렌 · 새벽 시장,@NAME,점장님이 여기 가면 있을 거라고 해서요.,점장님이 여기 가면 있을 거라고 해서요.
E3_2Ra:3,3-2 · 렌 · 새벽 시장,렌,점장님은 다 아시네요.,점장님은 다 아시네요.
E3_2Ra:4,3-2 · 렌 · 새벽 시장,(내레이션),렌 옆에서 나이 든 남자가 생선 상자를 들다 허리를 짚는다. 얼굴이 렌과 닮았다.,렌 옆에서 나이 든 남자가 생선 상자를 들다 허리를 짚는다. 얼굴이 렌과 닮았다.
E3_2Ra:5,3-2 · 렌 · 새벽 시장,렌 아버지,"렌, 그건 내가 들게. 너는 손 아껴.","렌, 그건 내가 들게. 너는 손 아껴."
E3_2Ra:6,3-2 · 렌 · 새벽 시장,렌,괜찮아요. 아버지 허리를 더 아끼셔야죠.,괜찮아요. 아버지 허리를 더 아끼셔야죠.
E3_2Ra:7,3-2 · 렌 · 새벽 시장,렌 아버지,친구냐? 새벽부터 고생이 많네.,친구냐? 새벽부터 고생이 많네.
E3_2Ra:8.c1,3-2 · 렌 · 새벽 시장 · 선택지 1,(선택지),(상자를 하나 받아 든다),(상자를 하나 받아 든다)
E3_2Ra:8.c2,3-2 · 렌 · 새벽 시장 · 선택지 2,(선택지),"""밴드 얘기 하러 왔어요.""","""밴드 얘기 하러 왔어요."""
E3_2Ra:9,3-2 · 렌 · 새벽 시장,(내레이션),상자는 생각보다 무거웠다. 렌은 이걸 두 개씩 들고 있었다.,상자는 생각보다 무거웠다. 렌은 이걸 두 개씩 들고 있었다.
E3_2Ra:10,3-2 · 렌 · 새벽 시장,렌 아버지,밴드?,밴드?
E3_2Ra:11,3-2 · 렌 · 새벽 시장,(내레이션),렌의 아버지가 렌을 쳐다봤다. 렌은 대답하지 않고 상자를 수레에 실었다.,렌의 아버지가 렌을 쳐다봤다. 렌은 대답하지 않고 상자를 수레에 실었다.
E3_2Ra:12,3-2 · 렌 · 새벽 시장,(내레이션),장을 다 보고 가게로 돌아가는 길에 렌이 먼저 입을 열었다.,장을 다 보고 가게로 돌아가는 길에 렌이 먼저 입을 열었다.
E3_2Ra:13,3-2 · 렌 · 새벽 시장,렌,아버지가 작년에 쓰러지셨어요. 그때 가게에 빚이 생겼고요.,아버지가 작년에 쓰러지셨어요. 그때 가게에 빚이 생겼고요.
E3_2Ra:14,3-2 · 렌 · 새벽 시장,렌,밤에 드럼 치는 시간이면 가게를 한 번 더 돌릴 수 있어요. 그래서 봄까지만 한다고 한 거예요.,밤에 드럼 치는 시간이면 가게를 한 번 더 돌릴 수 있어요. 그래서 봄까지만 한다고 한 거예요.
E3_2Ra:15,3-2 · 렌 · 새벽 시장,렌 아버지,……렌.,……렌.
E3_2Ra:16,3-2 · 렌 · 새벽 시장,(내레이션),앞서 걷던 렌의 아버지가 멈춰 섰다.,앞서 걷던 렌의 아버지가 멈춰 섰다.
E3_2Ra:17,3-2 · 렌 · 새벽 시장,렌 아버지,가게는 내가 본다. 네가 벽에 스틱 걸어 놓은 거 보는 게 빚보다 더 마음이 무겁다.,가게는 내가 본다. 네가 벽에 스틱 걸어 놓은 거 보는 게 빚보다 더 마음이 무겁다.
E3_2Ra:18.c1,3-2 · 렌 · 새벽 시장 · 선택지 1,(선택지),"""렌, 같이 해요.""","""렌, 같이 해요."""
E3_2Ra:18.c2,3-2 · 렌 · 새벽 시장 · 선택지 2,(선택지),(아무 말도 하지 않는다),(아무 말도 하지 않는다)
E3_2Ra:19,3-2 · 렌 · 새벽 시장,렌,……가게 끝나고요. 열한 시 넘어서.,……가게 끝나고요. 열한 시 넘어서.
E3_2Ra:20,3-2 · 렌 · 새벽 시장,렌,그 시간이면 제가 박자가 제일 잘 맞아요.,그 시간이면 제가 박자가 제일 잘 맞아요.
E3_2Ra:21,3-2 · 렌 · 새벽 시장,렌,여름 지나면요. 여름까지는 가게에 있을게요.,여름 지나면요. 여름까지는 가게에 있을게요.
E3_2Ra:22,3-2 · 렌 · 새벽 시장,(내레이션),렌은 아버지를 부축하며 걸었다. 그 걸음도 박자가 일정했다.,렌은 아버지를 부축하며 걸었다. 그 걸음도 박자가 일정했다.
E3_2Rb:0,3-2 · 렌 · 가게 빚,(내레이션),밤 열한 시 반인데 렌이 스튜디오에 오지 않았다. 처음 있는 일이다.,밤 열한 시 반인데 렌이 스튜디오에 오지 않았다. 처음 있는 일이다.
E3_2Rb:1,3-2 · 렌 · 가게 빚,루이,연락도 없어. 렌이 이런 적 없잖아.,연락도 없어. 렌이 이런 적 없잖아.
E3_2Rb:2,3-2 · 렌 · 가게 빚,(내레이션),멘야 도돈에 가 보니 불이 켜져 있다. 렌이 혼자 카운터 안에서 설거지를 하고 있다.,멘야 도돈에 가 보니 불이 켜져 있다. 렌이 혼자 카운터 안에서 설거지를 하고 있다.
E3_2Rb:3,3-2 · 렌 · 가게 빚,렌,아. ……죄송해요. 시간 봤어야 했는데.,아. ……죄송해요. 시간 봤어야 했는데.
E3_2Rb:4,3-2 · 렌 · 가게 빚,렌,아버지가 허리를 다치셔서 오늘부터 제가 마감까지 해요. 당분간 연습 못 갈 것 같아요.,아버지가 허리를 다치셔서 오늘부터 제가 마감까지 해요. 당분간 연습 못 갈 것 같아요.
E3_2Rb:5,3-2 · 렌 · 가게 빚,렌,가게 빚이 있어서요. 문 닫는 날이 하루라도 생기면 안 돼요.,가게 빚이 있어서요. 문 닫는 날이 하루라도 생기면 안 돼요.
E3_2Rb:6.c1,3-2 · 렌 · 가게 빚 · 선택지 1,(선택지),(앞치마를 두르고 설거지를 돕는다),(앞치마를 두르고 설거지를 돕는다)
E3_2Rb:6.c2,3-2 · 렌 · 가게 빚 · 선택지 2,(선택지),"""가게가 먼저야. 연습은 기다릴게.""","""가게가 먼저야. 연습은 기다릴게."""
E3_2Rb:6.c3,3-2 · 렌 · 가게 빚 · 선택지 3,(선택지),"""점장님한테 연습실 시간 바꿔 달라고 할게.""","""점장님한테 연습실 시간 바꿔 달라고 할게."""
E3_2Rb:7,3-2 · 렌 · 가게 빚,(내레이션),그릇은 끝이 없었다. 렌이 헹구고 내가 닦는다. 어느새 둘이 같은 박자로 움직이고 있었다.,그릇은 끝이 없었다. 렌이 헹구고 내가 닦는다. 어느새 둘이 같은 박자로 움직이고 있었다.
E3_2Rb:8,3-2 · 렌 · 가게 빚,렌,"……지금 우리, 120이에요.","……지금 우리, 120이에요."
E3_2Rb:9,3-2 · 렌 · 가게 빚,렌,"기다린다는 말, 오랜만에 들어요.","기다린다는 말, 오랜만에 들어요."
E3_2Rb:10,3-2 · 렌 · 가게 빚,렌,새벽 한 시에요? 그 시간에 여는 데가 있어요?,새벽 한 시에요? 그 시간에 여는 데가 있어요?
E3_2Rb:11,3-2 · 렌 · 가게 빚,@NAME,0dB 연습실. 점장님이 열쇠 준대.,0dB 연습실. 점장님이 열쇠 준대.
E3_2Rb:12,3-2 · 렌 · 가게 빚,렌,정기 공연 전까지는 어떻게든 맞출게요. 드럼 자리 비우는 일은 없게요.,정기 공연 전까지는 어떻게든 맞출게요. 드럼 자리 비우는 일은 없게요.
E3_2Ka:0,3-2 · 코토 · 현관까지 세 걸음,(내레이션),kero_P에게서 주소 하나와 짧은 메시지가 DM으로 왔다.,kero_P에게서 주소 하나와 짧은 메시지가 DM으로 왔다.
E3_2Ka:1,3-2 · 코토 · 현관까지 세 걸음,@kero_P,새 곡 파일이 너무 커서 USB로 드려야 해요. 집 앞까지 와 주실 수 있어요?,새 곡 파일이 너무 커서 USB로 드려야 해요. 집 앞까지 와 주실 수 있어요?
E3_2Ka:2,3-2 · 코토 · 현관까지 세 걸음,@kero_P,문은 못 열어요. 우편함에 넣어 둘게요.,문은 못 열어요. 우편함에 넣어 둘게요.
E3_2Ka:3,3-2 · 코토 · 현관까지 세 걸음,@kero_P,"아, 문패에 「히나타」라고 있어요. 제 이름은 코토예요. 히나타 코토.","아, 문패에 「히나타」라고 있어요. 제 이름은 코토예요. 히나타 코토."
E3_2Ka:4,3-2 · 코토 · 현관까지 세 걸음,(내레이션),주택가 끝에 있는 이층집이다. 현관 옆 우편함에 개구리 스티커가 붙어 있다.,주택가 끝에 있는 이층집이다. 현관 옆 우편함에 개구리 스티커가 붙어 있다.
E3_2Ka:5,3-2 · 코토 · 현관까지 세 걸음,(내레이션),우편함 안에 USB가 있다. 이층 창문의 커튼이 살짝 흔들렸다.,우편함 안에 USB가 있다. 이층 창문의 커튼이 살짝 흔들렸다.
E3_2Ka:6,3-2 · 코토 · 현관까지 세 걸음,@kero_P,받으셨어요?,받으셨어요?
E3_2Ka:7,3-2 · 코토 · 현관까지 세 걸음,@NAME,받았어. 문 앞에 있어.,받았어. 문 앞에 있어.
E3_2Ka:8,3-2 · 코토 · 현관까지 세 걸음,@kero_P,알아요. 보여요.,알아요. 보여요.
E3_2Ka:9,3-2 · 코토 · 현관까지 세 걸음,(내레이션),"한참 뒤, 현관문 너머에서 목소리가 들린다. DM보다 훨씬 작은 목소리다.","한참 뒤, 현관문 너머에서 목소리가 들린다. DM보다 훨씬 작은 목소리다."
E3_2Ka:10,3-2 · 코토 · 현관까지 세 걸음,코토,"……문 앞까지는, 왔어요.","……문 앞까지는, 왔어요."
E3_2Ka:11,3-2 · 코토 · 현관까지 세 걸음,코토,세 걸음이에요. 방에서 여기까지. 오늘은 그게…… 다예요.,세 걸음이에요. 방에서 여기까지. 오늘은 그게…… 다예요.
E3_2Ka:12.c1,3-2 · 코토 · 현관까지 세 걸음 · 선택지 1,(선택지),"""그럼 한 걸음만 더 나와 볼래?""","""그럼 한 걸음만 더 나와 볼래?"""
E3_2Ka:12.c2,3-2 · 코토 · 현관까지 세 걸음 · 선택지 2,(선택지),"""거기서 말해도 들려.""","""거기서 말해도 들려."""
E3_2Ka:12.c3,3-2 · 코토 · 현관까지 세 걸음 · 선택지 3,(선택지),"""다음 공연, 무대 옆자리 비워 둘게.""","""다음 공연, 무대 옆자리 비워 둘게."""
E3_2Ka:13,3-2 · 코토 · 현관까지 세 걸음,(내레이션),문이 조금 열렸다. 초록 후드 끝이 보인다.,문이 조금 열렸다. 초록 후드 끝이 보인다.
E3_2Ka:14,3-2 · 코토 · 현관까지 세 걸음,코토,네 걸음. ……됐죠.,네 걸음. ……됐죠.
E3_2Ka:15,3-2 · 코토 · 현관까지 세 걸음,코토,"베이스, 칠게요. 무대 옆에서요. 조명 안 닿는 데서.","베이스, 칠게요. 무대 옆에서요. 조명 안 닿는 데서."
E3_2Ka:16,3-2 · 코토 · 현관까지 세 걸음,코토,……네. 들리는구나.,……네. 들리는구나.
E3_2Ka:17,3-2 · 코토 · 현관까지 세 걸음,코토,오늘은 여기까지 할게요. 파일은 계속 보낼게요.,오늘은 여기까지 할게요. 파일은 계속 보낼게요.
E3_2Ka:18,3-2 · 코토 · 현관까지 세 걸음,코토,무대 옆……,무대 옆……
E3_2Ka:19,3-2 · 코토 · 현관까지 세 걸음,코토,"자리만 비워 두세요. 갈 수 있을지는 모르겠지만, 파일로는 같이 할게요.","자리만 비워 두세요. 갈 수 있을지는 모르겠지만, 파일로는 같이 할게요."
E3_2Kb:0,3-2 · 코토 · 스튜디오 첫날,(내레이션),"토요일 오후, 스튜디오 문 앞에 초록 후드가 서 있다. 코토가 직접 왔다.","토요일 오후, 스튜디오 문 앞에 초록 후드가 서 있다. 코토가 직접 왔다."
E3_2Kb:1,3-2 · 코토 · 스튜디오 첫날,(내레이션),파일로만 같이 하겠다던 코토가 문 앞까지 와 있다.,파일로만 같이 하겠다던 코토가 문 앞까지 와 있다.
E3_2Kb:2,3-2 · 코토 · 스튜디오 첫날,코토,"……베이스, 직접 치는 게, 나을 것 같아서.","……베이스, 직접 치는 게, 나을 것 같아서."
E3_2Kb:3,3-2 · 코토 · 스튜디오 첫날,나츠,와! 개구리 후드다! 진짜 눈알 달렸네!,와! 개구리 후드다! 진짜 눈알 달렸네!
E3_2Kb:4,3-2 · 코토 · 스튜디오 첫날,(내레이션),코토가 말없이 내 등 뒤로 숨었다.,코토가 말없이 내 등 뒤로 숨었다.
E3_2Kb:5,3-2 · 코토 · 스튜디오 첫날,루이,앰프 저기 있어. 볼륨은 네 맘대로 해.,앰프 저기 있어. 볼륨은 네 맘대로 해.
E3_2Kb:6,3-2 · 코토 · 스튜디오 첫날,(내레이션),코토가 베이스를 메고 첫 음을 친다. 다들 순간 조용해진다. 파일로 듣던 그 소리다.,코토가 베이스를 메고 첫 음을 친다. 다들 순간 조용해진다. 파일로 듣던 그 소리다.
E3_2Kb:7,3-2 · 코토 · 스튜디오 첫날,레이,……파일보다 좋네.,……파일보다 좋네.
E3_2Kb:8,3-2 · 코토 · 스튜디오 첫날,코토,"귀, 괜찮으세요? 저 좀 크게 쳐서.","귀, 괜찮으세요? 저 좀 크게 쳐서."
E3_2Kb:9,3-2 · 코토 · 스튜디오 첫날,(내레이션),코토는 다른 사람 말고 나를 보고 물었다.,코토는 다른 사람 말고 나를 보고 물었다.
E3_2Kb:10.c1,3-2 · 코토 · 스튜디오 첫날 · 선택지 1,(선택지),"""괜찮아.""","""괜찮아."""
E3_2Kb:10.c2,3-2 · 코토 · 스튜디오 첫날 · 선택지 2,(선택지),"""왜 나한테만 물어?""","""왜 나한테만 물어?"""
E3_2Kb:11,3-2 · 코토 · 스튜디오 첫날,코토,다행이에요.,다행이에요.
E3_2Kb:12,3-2 · 코토 · 스튜디오 첫날,코토,"그날…… 맨 앞줄에서, 귀 막으시는 거 봤어요.","그날…… 맨 앞줄에서, 귀 막으시는 거 봤어요."
E3_2Kb:13,3-2 · 코토 · 스튜디오 첫날,코토,아무한테도 말 안 했어요. 앞으로도 안 할게요.,아무한테도 말 안 했어요. 앞으로도 안 할게요.
E3_2Kb:14,3-2 · 코토 · 스튜디오 첫날,(내레이션),코토는 그 말만 하고 다시 베이스를 쳤다. 볼륨이 아까보다 조금 줄어 있었다.,코토는 그 말만 하고 다시 베이스를 쳤다. 볼륨이 아까보다 조금 줄어 있었다.
E3_2Ea:0,3-2 · 레이 · 크레딧,(내레이션),레코드샵 사이드B 스피커에서 요즘 제일 많이 나오는 곡이 흐른다. ECLIPSE의 신곡이다.,레코드샵 사이드B 스피커에서 요즘 제일 많이 나오는 곡이 흐른다. ECLIPSE의 신곡이다.
E3_2Ea:1,3-2 · 레이 · 크레딧,(내레이션),클래식 코너 앞에 있던 레이가 악보를 덮었다.,클래식 코너 앞에 있던 레이가 악보를 덮었다.
E3_2Ea:2,3-2 · 레이 · 크레딧,레이,"사장님, 이거 꺼 주시면 안 돼요?","사장님, 이거 꺼 주시면 안 돼요?"
E3_2Ea:3,3-2 · 레이 · 크레딧,점원,손님들이 틀어 달라고 해서요. 요즘 다들 이것만 찾아요.,손님들이 틀어 달라고 해서요. 요즘 다들 이것만 찾아요.
E3_2Ea:4,3-2 · 레이 · 크레딧,(내레이션),레이가 가게 밖으로 나갔다. 따라 나가 보니 셔터 내린 옆 가게 앞에 서 있다.,레이가 가게 밖으로 나갔다. 따라 나가 보니 셔터 내린 옆 가게 앞에 서 있다.
E3_2Ea:5,3-2 · 레이 · 크레딧,레이,"저 곡 2절 브리지. 스트링 편곡, 내가 했어.","저 곡 2절 브리지. 스트링 편곡, 내가 했어."
E3_2Ea:6,3-2 · 레이 · 크레딧,레이,크레딧에는 없어. 리더 이름만 있지. 그땐 그게 당연한 줄 알았어.,크레딧에는 없어. 리더 이름만 있지. 그땐 그게 당연한 줄 알았어.
E3_2Ea:7.c1,3-2 · 레이 · 크레딧 · 선택지 1,(선택지),"""우리 곡엔 네 이름 넣을게. 맨 앞에.""","""우리 곡엔 네 이름 넣을게. 맨 앞에."""
E3_2Ea:7.c2,3-2 · 레이 · 크레딧 · 선택지 2,(선택지),"""……화 안 나?""","""……화 안 나?"""
E3_2Ea:7.c3,3-2 · 레이 · 크레딧 · 선택지 3,(선택지),(옆에 같이 서 있는다),(옆에 같이 서 있는다)
E3_2Ea:8,3-2 · 레이 · 크레딧,레이,편곡 크레딧을 맨 앞에?,편곡 크레딧을 맨 앞에?
E3_2Ea:9,3-2 · 레이 · 크레딧,@NAME,맨 앞에.,맨 앞에.
E3_2Ea:10,3-2 · 레이 · 크레딧,레이,말은 쉽게 하네. 좋아. 대신 건반은 내가 쳐. 남이 치면 편곡이 망가지니까.,말은 쉽게 하네. 좋아. 대신 건반은 내가 쳐. 남이 치면 편곡이 망가지니까.
E3_2Ea:11,3-2 · 레이 · 크레딧,레이,나지. 근데 화내면 틀린 음이 늘어. 그래서 안 내.,나지. 근데 화내면 틀린 음이 늘어. 그래서 안 내.
E3_2Ea:12,3-2 · 레이 · 크레딧,(내레이션),레이는 가게 안의 곡이 끝나고 다음 곡으로 넘어갈 때까지 아무 말도 하지 않았다.,레이는 가게 안의 곡이 끝나고 다음 곡으로 넘어갈 때까지 아무 말도 하지 않았다.
E3_2Ea:13,3-2 · 레이 · 크레딧,레이,……아무것도 안 물어봐 줘서 고마워.,……아무것도 안 물어봐 줘서 고마워.
E3_2Eb:0,3-2 · 레이 · 메트로놈 두 개,(내레이션),스튜디오에서 레이의 메트로놈 앱이 딸깍딸깍 돌아간다.,스튜디오에서 레이의 메트로놈 앱이 딸깍딸깍 돌아간다.
E3_2Eb:1,3-2 · 레이 · 메트로놈 두 개,레이,나츠. 또 빨라.,나츠. 또 빨라.
E3_2Eb:2,3-2 · 레이 · 메트로놈 두 개,나츠,신나서 그런 거예요!,신나서 그런 거예요!
E3_2Eb:3,3-2 · 레이 · 메트로놈 두 개,레이,신나면 빨라져도 된다는 법은 없어.,신나면 빨라져도 된다는 법은 없어.
E3_2Eb:4,3-2 · 레이 · 메트로놈 두 개,나츠,"……선배, 저 그렇게 빨라요?","……선배, 저 그렇게 빨라요?"
E3_2Eb:5.c1,3-2 · 레이 · 메트로놈 두 개 · 선택지 1,(선택지),"""조금. 레이 말이 맞아.""","""조금. 레이 말이 맞아."""
E3_2Eb:5.c2,3-2 · 레이 · 메트로놈 두 개 · 선택지 2,(선택지),"""그 신나는 게 나츠 소리야.""","""그 신나는 게 나츠 소리야."""
E3_2Eb:5.c3,3-2 · 레이 · 메트로놈 두 개 · 선택지 3,(선택지),"""둘 다 메트로놈 끄고 한 번 해 보자.""","""둘 다 메트로놈 끄고 한 번 해 보자."""
E3_2Eb:6,3-2 · 레이 · 메트로놈 두 개,나츠,……알겠어요. 메트로놈이랑 친해져 볼게요.,……알겠어요. 메트로놈이랑 친해져 볼게요.
E3_2Eb:7,3-2 · 레이 · 메트로놈 두 개,레이,그러다 무대에서 혼자 앞서 나가도 난 모른다.,그러다 무대에서 혼자 앞서 나가도 난 모른다.
E3_2Eb:8,3-2 · 레이 · 메트로놈 두 개,(내레이션),"메트로놈을 끄고 한 곡을 쳤다. 나츠는 여전히 조금 빨랐고, 레이는 이번엔 그걸 따라갔다.","메트로놈을 끄고 한 곡을 쳤다. 나츠는 여전히 조금 빨랐고, 레이는 이번엔 그걸 따라갔다."
E3_2Eb:9,3-2 · 레이 · 메트로놈 두 개,레이,……따라간 거 아니야. 맞춰 준 거지.,……따라간 거 아니야. 맞춰 준 거지.
E3_2Eb:10,3-2 · 레이 · 메트로놈 두 개,레이,루이. 후렴에서 늘어져.,루이. 후렴에서 늘어져.
E3_2Eb:11,3-2 · 레이 · 메트로놈 두 개,루이,일부러 그러는 거야. 거기서 숨을 쉬어야 다음 소절이 나와.,일부러 그러는 거야. 거기서 숨을 쉬어야 다음 소절이 나와.
E3_2Eb:12,3-2 · 레이 · 메트로놈 두 개,레이,박자를 흔들지 말고 편곡을 바꿔.,박자를 흔들지 말고 편곡을 바꿔.
E3_2Eb:13.c1,3-2 · 레이 · 메트로놈 두 개 · 선택지 1,(선택지),"""레이 말대로 박자를 지키자.""","""레이 말대로 박자를 지키자."""
E3_2Eb:13.c2,3-2 · 레이 · 메트로놈 두 개 · 선택지 2,(선택지),"""루이 숨 쉴 자리를 편곡에 넣자.""","""루이 숨 쉴 자리를 편곡에 넣자."""
E3_2Eb:14.1,3-2 · 레이 · 메트로놈 두 개 · 선택지 1을 골랐을 때,레이,그래야지.,그래야지.
E3_2Eb:14.2,3-2 · 레이 · 메트로놈 두 개 · 선택지 2을 골랐을 때,레이,……한 박 반. 그 이상은 못 줘.,……한 박 반. 그 이상은 못 줘.
E3_2Eb:15,3-2 · 레이 · 메트로놈 두 개,(내레이션),레이가 메트로놈 앱을 껐다. 연습이 끝났다는 신호다.,레이가 메트로놈 앱을 껐다. 연습이 끝났다는 신호다.
E3_3:0,3-3 · 불협화음,(내레이션),정기 공연까지 3주 남았다. 스튜디오 분위기가 무겁다.,정기 공연까지 3주 남았다. 스튜디오 분위기가 무겁다.
E3_3:1,3-3 · 불협화음,(내레이션),같은 곡에서 벌써 세 번째로 멈췄다.,같은 곡에서 벌써 세 번째로 멈췄다.
E3_3:2,3-3 · 불협화음,레이,또 흔들렸어. 이러면 서른 명 앞에서 망신이야.,또 흔들렸어. 이러면 서른 명 앞에서 망신이야.
E3_3:3,3-3 · 불협화음,나츠,매번 멈추니까 신나는 게 다 사라지잖아요!,매번 멈추니까 신나는 게 다 사라지잖아요!
E3_3:4,3-3 · 불협화음,렌,제가 템포를 잡을게요. 다들 드럼만 들어 주세요.,제가 템포를 잡을게요. 다들 드럼만 들어 주세요.
E3_3:5,3-3 · 불협화음,(내레이션),코토가 휴대폰 화면을 내민다. 바로 옆에 있는데 DM이 와 있다. 「곡 구성을 바꾸면 어때요. 새 곡 써 왔어요」.,코토가 휴대폰 화면을 내민다. 바로 옆에 있는데 DM이 와 있다. 「곡 구성을 바꾸면 어때요. 새 곡 써 왔어요」.
E3_3:6,3-3 · 불협화음,루이,다들 좀 조용히 해.,다들 좀 조용히 해.
E3_3:7,3-3 · 불협화음,루이,뒤가 이렇게 시끄러우면 목소리가 안 나와.,뒤가 이렇게 시끄러우면 목소리가 안 나와.
E3_3:8,3-3 · 불협화음,(내레이션),다들 입을 다물었다. 그리고 다 같이 이쪽을 봤다.,다들 입을 다물었다. 그리고 다 같이 이쪽을 봤다.
E3_3:9,3-3 · 불협화음,루이,"네가 정해. 이번 공연, 누구 방식으로 갈지.","네가 정해. 이번 공연, 누구 방식으로 갈지."
E3_3:10.c1,3-3 · 불협화음 · 선택지 1,(선택지),루이의 목소리에 맞춘다,루이의 목소리에 맞춘다
E3_3:10.c2,3-3 · 불협화음 · 선택지 2,(선택지),렌의 드럼에 맞춘다,렌의 드럼에 맞춘다
E3_3:10.c3,3-3 · 불협화음 · 선택지 3,(선택지),레이의 편곡대로 간다,레이의 편곡대로 간다
E3_3:10.c4,3-3 · 불협화음 · 선택지 4,(선택지),코토의 새 곡으로 간다,코토의 새 곡으로 간다
E3_3:10.c5,3-3 · 불협화음 · 선택지 5,(선택지),나츠의 소리를 앞에 세운다,나츠의 소리를 앞에 세운다
E3_3:11,3-3 · 불협화음,루이,……나?,……나?
E3_3:12,3-3 · 불협화음,루이,알았어. 후회하지 마.,알았어. 후회하지 마.
E3_3:13,3-3 · 불협화음,렌,제가요?,제가요?
E3_3:14,3-3 · 불협화음,렌,……네. 카운트부터 다시 할게요.,……네. 카운트부터 다시 할게요.
E3_3:15,3-3 · 불협화음,레이,당연한 선택이네. 악보는 오늘 밤에 보낼게.,당연한 선택이네. 악보는 오늘 밤에 보낼게.
E3_3:16,3-3 · 불협화음,나츠,……또 메트로놈이에요?,……또 메트로놈이에요?
E3_3:17,3-3 · 불협화음,(내레이션),코토가 후드를 더 깊이 눌러썼다. 휴대폰에 DM이 하나 더 왔다. 「진짜요?」,코토가 후드를 더 깊이 눌러썼다. 휴대폰에 DM이 하나 더 왔다. 「진짜요?」
E3_3:18,3-3 · 불협화음,나츠,저요?! 진짜요?!,저요?! 진짜요?!
E3_3:19,3-3 · 불협화음,레이,……책임은 네가 져.,……책임은 네가 져.
E3_3:20,3-3 · 불협화음,(내레이션),누군가는 웃었고 누군가는 한숨을 쉬었다. 그래도 아무도 스튜디오를 나가지 않았다.,누군가는 웃었고 누군가는 한숨을 쉬었다. 그래도 아무도 스튜디오를 나가지 않았다.
E3_4a:0,3-4 · 루이 · 마스크 너머,(내레이션),"루이의 목소리에 맞춰 곡을 다시 짠다. 키를 반음 내리고, 후렴 앞에 숨 쉴 자리를 한 박 넣었다.","루이의 목소리에 맞춰 곡을 다시 짠다. 키를 반음 내리고, 후렴 앞에 숨 쉴 자리를 한 박 넣었다."
E3_4a:1,3-4 · 루이 · 마스크 너머,(내레이션),연습이 끝나고 둘만 남았다. 루이가 마스크 끈을 만지작거린다.,연습이 끝나고 둘만 남았다. 루이가 마스크 끈을 만지작거린다.
E3_4a:2,3-4 · 루이 · 마스크 너머,루이,……나 아이돌 연습생이었어.,……나 아이돌 연습생이었어.
E3_4a:3,3-4 · 루이 · 마스크 너머,루이,"데뷔조 평가 날, 첫 소절부터 목소리가 안 나왔어.","데뷔조 평가 날, 첫 소절부터 목소리가 안 나왔어."
E3_4a:4,3-4 · 루이 · 마스크 너머,루이,심사위원들이 다 보고 있었어. 그 얼굴들이 아직도 생각나.,심사위원들이 다 보고 있었어. 그 얼굴들이 아직도 생각나.
E3_4a:5,3-4 · 루이 · 마스크 너머,루이,그 뒤로 이걸 쓰면 목소리가 나와. 얼굴을 안 보여 주면 괜찮더라.,그 뒤로 이걸 쓰면 목소리가 나와. 얼굴을 안 보여 주면 괜찮더라.
E3_4a:6.c1,3-4 · 루이 · 마스크 너머 · 선택지 1,(선택지),"""무대에서 굳는 게 어떤 건지 알아.""","""무대에서 굳는 게 어떤 건지 알아."""
E3_4a:6.c2,3-4 · 루이 · 마스크 너머 · 선택지 2,(선택지),"""안 벗어도 돼.""","""안 벗어도 돼."""
E3_4a:6.c3,3-4 · 루이 · 마스크 너머 · 선택지 3,(선택지),(끝까지 듣는다),(끝까지 듣는다)
E3_4a:7.1,3-4 · 루이 · 마스크 너머 · 선택지 1을 골랐을 때,루이,……알지. 너는 알지. 그래서 너한테 말하는 거야.,……알지. 너는 알지. 그래서 너한테 말하는 거야.
E3_4a:7.2,3-4 · 루이 · 마스크 너머 · 선택지 2을 골랐을 때,루이,벗으라고 할 줄 알았어. 다들 그러니까.,벗으라고 할 줄 알았어. 다들 그러니까.
E3_4a:7.3,3-4 · 루이 · 마스크 너머 · 선택지 3을 골랐을 때,루이,"다 듣고 나서 아무 말도 안 하는 거, 그거 좋다.","다 듣고 나서 아무 말도 안 하는 거, 그거 좋다."
E3_4a:8,3-4 · 루이 · 마스크 너머,루이,이번 공연은 내 목소리 기준이야. 그러니까 이번엔 나 믿어.,이번 공연은 내 목소리 기준이야. 그러니까 이번엔 나 믿어.
E3_4b:0,3-4 · 렌 · 140,(내레이션),렌의 드럼에 모두 맞추기로 했다. 렌은 카운트를 평소보다 크게 센다.,렌의 드럼에 모두 맞추기로 했다. 렌은 카운트를 평소보다 크게 센다.
E3_4b:1,3-4 · 렌 · 140,(내레이션),"새벽 한 시, 연습이 끝나고 렌과 단둘이 장비를 정리한다.","새벽 한 시, 연습이 끝나고 렌과 단둘이 장비를 정리한다."
E3_4b:2,3-4 · 렌 · 140,렌,무대에서는 드럼이 멈추면 다 멈춰요.,무대에서는 드럼이 멈추면 다 멈춰요.
E3_4b:3,3-4 · 렌 · 140,렌,그게 무서워서 봄까지만 한다고 한 것도 있어요. 빚 핑계를 대면서요.,그게 무서워서 봄까지만 한다고 한 것도 있어요. 빚 핑계를 대면서요.
E3_4b:4.c1,3-4 · 렌 · 140 · 선택지 1,(선택지),"""나는 쉼표가 무서워.""","""나는 쉼표가 무서워."""
E3_4b:4.c2,3-4 · 렌 · 140 · 선택지 2,(선택지),"""멈추면 내가 이어서 칠게.""","""멈추면 내가 이어서 칠게."""
E3_4b:5.1,3-4 · 렌 · 140 · 선택지 1을 골랐을 때,렌,……쉼표요?,……쉼표요?
E3_4b:5.2,3-4 · 렌 · 140 · 선택지 2을 골랐을 때,렌,네 개 다 치시니까요. 든든하네요.,네 개 다 치시니까요. 든든하네요.
E3_4b:6,3-4 · 렌 · 140,렌,그럼 쉼표에서도 하이햇은 계속 칠게요. 아주 작게요. 박자가 안 끊기게.,그럼 쉼표에서도 하이햇은 계속 칠게요. 아주 작게요. 박자가 안 끊기게.
E3_4b:7,3-4 · 렌 · 140,렌,지금 심박 140이에요. 템포 얘기예요. ……반쯤은요.,지금 심박 140이에요. 템포 얘기예요. ……반쯤은요.
E3_4c:0,3-4 · 레이 · Opus 0,(내레이션),레이가 밤새 고친 악보를 보내왔다. 파일 이름이 「Opus 0」으로 되어 있다.,레이가 밤새 고친 악보를 보내왔다. 파일 이름이 「Opus 0」으로 되어 있다.
E3_4c:1,3-4 · 레이 · Opus 0,(내레이션),악보 맨 위에 작은 글씨로 「편곡 · 시라유키 레이」라고 적혀 있다.,악보 맨 위에 작은 글씨로 「편곡 · 시라유키 레이」라고 적혀 있다.
E3_4c:2,3-4 · 레이 · Opus 0,레이,"거기 이름, 네가 넣으라고 했잖아. 그래서 넣었어.","거기 이름, 네가 넣으라고 했잖아. 그래서 넣었어."
E3_4c:3,3-4 · 레이 · Opus 0,레이,틀린 데 있으면 말해. 없겠지만.,틀린 데 있으면 말해. 없겠지만.
E3_4c:4,3-4 · 레이 · Opus 0,(내레이션),"편곡은 정확했다. 다들 조금씩 덜 치니까, 그 빈자리 덕분에 곡에 여유가 생긴다.","편곡은 정확했다. 다들 조금씩 덜 치니까, 그 빈자리 덕분에 곡에 여유가 생긴다."
E3_4c:5.c1,3-4 · 레이 · Opus 0 · 선택지 1,(선택지),"""네 이름이 잘 어울려.""","""네 이름이 잘 어울려."""
E3_4c:5.c2,3-4 · 레이 · Opus 0 · 선택지 2,(선택지),"""두 번째 마디, 하나 틀렸어.""","""두 번째 마디, 하나 틀렸어."""
E3_4c:6.1,3-4 · 레이 · Opus 0 · 선택지 1을 골랐을 때,레이,……그런 말 하지 마. 박자 흔들려.,……그런 말 하지 마. 박자 흔들려.
E3_4c:6.2,3-4 · 레이 · Opus 0 · 선택지 2을 골랐을 때,레이,어디? ……진짜네.,어디? ……진짜네.
E3_4c:7,3-4 · 레이 · Opus 0,레이,고칠게. 너 같은 사람이 있어야 편곡이 늘어.,고칠게. 너 같은 사람이 있어야 편곡이 늘어.
E3_4d:0,3-4 · 코토 · 세 번째 곡,(내레이션),"코토의 새 곡을 세 번째 곡으로 넣기로 했다. 가사는 아직 없고, 베이스가 먼저 멜로디를 치는 곡이다.","코토의 새 곡을 세 번째 곡으로 넣기로 했다. 가사는 아직 없고, 베이스가 먼저 멜로디를 치는 곡이다."
E3_4d:1,3-4 · 코토 · 세 번째 곡,(내레이션),밤에 코토에게서 DM이 연달아 온다.,밤에 코토에게서 DM이 연달아 온다.
E3_4d:2,3-4 · 코토 · 세 번째 곡,@kero_P,가사는 루이 씨가 써 주시면 좋겠어요. 저는 말을 잘 못 써서요.,가사는 루이 씨가 써 주시면 좋겠어요. 저는 말을 잘 못 써서요.
E3_4d:3,3-4 · 코토 · 세 번째 곡,@kero_P,곡 제목은 정했어요. 「우물 밖」.,곡 제목은 정했어요. 「우물 밖」.
E3_4d:4,3-4 · 코토 · 세 번째 곡,@kero_P,"제 방이 우물이에요. 1년 전 그날, 페스티벌 갈 때만 밖에 나갔었어요.","제 방이 우물이에요. 1년 전 그날, 페스티벌 갈 때만 밖에 나갔었어요."
E3_4d:5,3-4 · 코토 · 세 번째 곡,@kero_P,"그날 이후로 다시 우물로 들어갔는데, 요즘은 가끔 밖에 나가요. 스튜디오까지요.","그날 이후로 다시 우물로 들어갔는데, 요즘은 가끔 밖에 나가요. 스튜디오까지요."
E3_4d:6.c1,3-4 · 코토 · 세 번째 곡 · 선택지 1,(선택지),"""좋은 제목이야.""","""좋은 제목이야."""
E3_4d:6.c2,3-4 · 코토 · 세 번째 곡 · 선택지 2,(선택지),"""그날 왜 밖에 나왔어?""","""그날 왜 밖에 나왔어?"""
E3_4d:7,3-4 · 코토 · 세 번째 곡,@kero_P,좋아하는 밴드가 나와서요.,좋아하는 밴드가 나와서요.
E3_4d:8,3-4 · 코토 · 세 번째 곡,@kero_P,……지금도 좋아해요. 그 밴드 사람.,……지금도 좋아해요. 그 밴드 사람.
E3_4d:9,3-4 · 코토 · 세 번째 곡,(내레이션),답장을 쓰기 전에 DM이 하나 더 왔다. 「방금 거 지워도 돼요?」 지울 수 있는 기능은 없다.,답장을 쓰기 전에 DM이 하나 더 왔다. 「방금 거 지워도 돼요?」 지울 수 있는 기능은 없다.
E3_4d:10,3-4 · 코토 · 세 번째 곡,@kero_P,(개구리 이모티콘 세 개),(개구리 이모티콘 세 개)
E3_4e:0,3-4 · 나츠 · F에서 B♭까지,(내레이션),나츠의 기타를 앞에 세우기로 했다. 첫 음은 나츠가 친다.,나츠의 기타를 앞에 세우기로 했다. 첫 음은 나츠가 친다.
E3_4e:1,3-4 · 나츠 · F에서 B♭까지,(내레이션),연습이 끝나고 강변 둑에 앉았다. 나츠가 캔 커피 두 개를 사 왔다.,연습이 끝나고 강변 둑에 앉았다. 나츠가 캔 커피 두 개를 사 왔다.
E3_4e:2,3-4 · 나츠 · F에서 B♭까지,나츠,"선배, 저 그 영상 몇천 번 봤다고 했잖아요.","선배, 저 그 영상 몇천 번 봤다고 했잖아요."
E3_4e:3,3-4 · 나츠 · F에서 B♭까지,나츠,웃기려고 본 게 아니에요. 소리가 계속 이상해서요.,웃기려고 본 게 아니에요. 소리가 계속 이상해서요.
E3_4e:4,3-4 · 나츠 · F에서 B♭까지,나츠,"전날 리허설 때 펜스 밖에서 몰래 들었거든요. 그때 기타 소리랑, 방송에 나온 소리가 달랐어요.","전날 리허설 때 펜스 밖에서 몰래 들었거든요. 그때 기타 소리랑, 방송에 나온 소리가 달랐어요."
E3_4e:5,3-4 · 나츠 · F에서 B♭까지,나츠,"방송 쪽이 너무 깨끗했어요. 선배는 늘 두 번째 줄을 살짝 늦게 치는 버릇이 있는데, 그게 없었어요.","방송 쪽이 너무 깨끗했어요. 선배는 늘 두 번째 줄을 살짝 늦게 치는 버릇이 있는데, 그게 없었어요."
E3_4e:6,3-4 · 나츠 · F에서 B♭까지,(내레이션),캔을 쥔 손에 힘이 들어갔다.,캔을 쥔 손에 힘이 들어갔다.
E3_4e:7.c1,3-4 · 나츠 · F에서 B♭까지 · 선택지 1,(선택지),"""……그 얘기, 누구한테 했어?""","""……그 얘기, 누구한테 했어?"""
E3_4e:7.c2,3-4 · 나츠 · F에서 B♭까지 · 선택지 2,(선택지),"""버릇까지 알아?""","""버릇까지 알아?"""
E3_4e:8.1,3-4 · 나츠 · F에서 B♭까지 · 선택지 1을 골랐을 때,나츠,아무한테도요. 제가 틀렸을 수도 있으니까요.,아무한테도요. 제가 틀렸을 수도 있으니까요.
E3_4e:8.2,3-4 · 나츠 · F에서 B♭까지 · 선택지 2을 골랐을 때,나츠,그럼요! 몇천 번 봤다니까요!,그럼요! 몇천 번 봤다니까요!
E3_4e:9,3-4 · 나츠 · F에서 B♭까지,나츠,그러니까 이번엔 제가 제일 크게 칠게요. 선배 버릇 그대로 따라서요.,그러니까 이번엔 제가 제일 크게 칠게요. 선배 버릇 그대로 따라서요.
E3_5:0,3-5 · 명함,(내레이션),평일 밤 0dB 손님 중에 정장 차림이 한 명 있다. 이런 가게에서는 눈에 띈다.,평일 밤 0dB 손님 중에 정장 차림이 한 명 있다. 이런 가게에서는 눈에 띈다.
E3_5:1,3-5 · 명함,(내레이션),공연이 끝나고 케이블을 감는데 그 사람이 다가왔다.,공연이 끝나고 케이블을 감는데 그 사람이 다가왔다.
E3_5:2,3-5 · 명함,미카미 쇼고,오랜만이에요. 기억하려나. 블루 아워 페스 대기실에서 한 번 인사했는데.,오랜만이에요. 기억하려나. 블루 아워 페스 대기실에서 한 번 인사했는데.
E3_5:3,3-5 · 명함,(내레이션),기억한다. 그날 대기실에서 방송 쪽은 걱정하지 말라던 목소리다.,기억한다. 그날 대기실에서 방송 쪽은 걱정하지 말라던 목소리다.
E3_5:4,3-5 · 명함,미카미 쇼고,크레셴도 레코드 미카미예요. 영상 봤어요. 새 밴드 좋던데요.,크레셴도 레코드 미카미예요. 영상 봤어요. 새 밴드 좋던데요.
E3_5:5,3-5 · 명함,미카미 쇼고,그날 일은 정말 안타까웠어요. 우리도 할 수 있는 건 다 했는데.,그날 일은 정말 안타까웠어요. 우리도 할 수 있는 건 다 했는데.
E3_5:6,3-5 · 명함,미카미 쇼고,명함 드릴게요. 무슨 일 있으면 연락 줘요. 하루 군도 가끔 당신 얘기를 하거든요.,명함 드릴게요. 무슨 일 있으면 연락 줘요. 하루 군도 가끔 당신 얘기를 하거든요.
E3_5:7.c1,3-5 · 명함 · 선택지 1,(선택지),(명함을 받는다),(명함을 받는다)
E3_5:7.c2,3-5 · 명함 · 선택지 2,(선택지),"""필요 없어요.""","""필요 없어요."""
E3_5:7.c3,3-5 · 명함 · 선택지 3,(선택지),"""하루가 제 얘기를 해요?""","""하루가 제 얘기를 해요?"""
E3_5:8,3-5 · 명함,미카미 쇼고,그래요. 마음 바뀌면 점장님한테 물어봐요.,그래요. 마음 바뀌면 점장님한테 물어봐요.
E3_5:9,3-5 · 명함,미카미 쇼고,그럼요. 좋은 얘기만 해요. 걱정 마요.,그럼요. 좋은 얘기만 해요. 걱정 마요.
E3_5:10,3-5 · 명함,(내레이션),미카미가 계단을 올라가자 점장이 카운터에서 나왔다.,미카미가 계단을 올라가자 점장이 카운터에서 나왔다.
E3_5:11,3-5 · 명함,세리자와 점장,저 사람이 왜 여기 와.,저 사람이 왜 여기 와.
E3_5:12,3-5 · 명함,세리자와 점장,명함 받았으면 서랍에 넣어 둬. 버리지는 말고. 나중에 필요할지도 몰라.,명함 받았으면 서랍에 넣어 둬. 버리지는 말고. 나중에 필요할지도 몰라.
E3_5:13,3-5 · 명함,세리자와 점장,잘했어. 저런 사람은 웃으면서 계산기 두드려.,잘했어. 저런 사람은 웃으면서 계산기 두드려.
E3_5:14,3-5 · 명함,(내레이션),케이블을 마저 감는다. 손이 조금 떨려서 한 번 꼬였다.,케이블을 마저 감는다. 손이 조금 떨려서 한 번 꼬였다.
E3_6:0,3-6 · 정기 공연,(내레이션),"6월 28일 토요일 저녁, 0dB 정기 공연 날이다.","6월 28일 토요일 저녁, 0dB 정기 공연 날이다."
E3_6:1,3-6 · 정기 공연,(내레이션),대기실까지 객석 소리가 들린다. 지난번보다 훨씬 시끄럽다.,대기실까지 객석 소리가 들린다. 지난번보다 훨씬 시끄럽다.
E3_6:2,3-6 · 정기 공연,세리자와 점장,서른두 명. 표는 너희가 팔았고. 잘했어.,서른두 명. 표는 너희가 팔았고. 잘했어.
E3_6:3,3-6 · 정기 공연,루이,오늘은 내 목소리에 맞춰. 네가 그렇게 정했으니까.,오늘은 내 목소리에 맞춰. 네가 그렇게 정했으니까.
E3_6:4,3-6 · 정기 공연,렌,카운트는 제가 할게요. 다들 드럼만 들으세요.,카운트는 제가 할게요. 다들 드럼만 들으세요.
E3_6:5,3-6 · 정기 공연,레이,편곡대로만 쳐. 틀리면 내가 다 들어.,편곡대로만 쳐. 틀리면 내가 다 들어.
E3_6:6,3-6 · 정기 공연,(내레이션),"앰프 뒤의 코토가 휴대폰을 들어 보인다. 「세 번째 곡, 제 곡이에요. 떨려요」.","앰프 뒤의 코토가 휴대폰을 들어 보인다. 「세 번째 곡, 제 곡이에요. 떨려요」."
E3_6:7,3-6 · 정기 공연,나츠,첫 음은 제가 칠게요! 제일 크게요!,첫 음은 제가 칠게요! 제일 크게요!
E3_6:8,3-6 · 정기 공연,루이,……가자.,……가자.
E3_6M:0,3-6 · 곡 사이,(내레이션),첫 곡이 끝났다. 서른두 명의 박수는 다섯 명 때와 소리부터 다르다.,첫 곡이 끝났다. 서른두 명의 박수는 다섯 명 때와 소리부터 다르다.
E3_6M:1,3-6 · 곡 사이,(내레이션),두 번째 곡은 반 박자 곡이다. 이제는 이 곡을 칠 때 손이 덜 차갑다.,두 번째 곡은 반 박자 곡이다. 이제는 이 곡을 칠 때 손이 덜 차갑다.
E3_7S:0,3-7S · 따라 부르는 소리,(내레이션),"세 번째 곡, 마지막 후렴 앞에 한 마디 쉼표가 온다.","세 번째 곡, 마지막 후렴 앞에 한 마디 쉼표가 온다."
E3_7S:1,3-7S · 따라 부르는 소리,(내레이션),그 한 마디에 객석에서 소리가 들렸다. 몇 명이 후렴을 먼저 따라 부르고 있었다.,그 한 마디에 객석에서 소리가 들렸다. 몇 명이 후렴을 먼저 따라 부르고 있었다.
E3_7S:2,3-7S · 따라 부르는 소리,(내레이션),이번에는 그 소리가 또렷하게 들렸다.,이번에는 그 소리가 또렷하게 들렸다.
E3_7S:3,3-7S · 따라 부르는 소리,(내레이션),셋에 다시 들어갔다. 쉼표가 무섭지 않았던 건 처음이다.,셋에 다시 들어갔다. 쉼표가 무섭지 않았던 건 처음이다.
E3_7S:4,3-7S · 따라 부르는 소리,세리자와 점장,다음 달도 너희야. 이번엔 마흔 명.,다음 달도 너희야. 이번엔 마흔 명.
E3_7S:5,3-7S · 따라 부르는 소리,루이,들었어? 내 노래를 따라 불렀어.,들었어? 내 노래를 따라 불렀어.
E3_7S:6,3-7S · 따라 부르는 소리,렌,쉼표에서도 하이햇 계속 쳤어요. 들렸어요?,쉼표에서도 하이햇 계속 쳤어요. 들렸어요?
E3_7S:7,3-7S · 따라 부르는 소리,레이,……틀린 음 하나. 오늘은 그걸로 됐어.,……틀린 음 하나. 오늘은 그걸로 됐어.
E3_7S:8,3-7S · 따라 부르는 소리,(내레이션),코토에게서 「제 곡을 누가 따라 불렀어요」라는 DM이 왔다. 그 뒤로는 개구리 이모티콘만 스무 개가 왔다.,코토에게서 「제 곡을 누가 따라 불렀어요」라는 DM이 왔다. 그 뒤로는 개구리 이모티콘만 스무 개가 왔다.
E3_7S:9,3-7S · 따라 부르는 소리,나츠,선배! 저 오늘 한 번도 안 틀렸어요! ……아마도요!,선배! 저 오늘 한 번도 안 틀렸어요! ……아마도요!
E3_7B:0,3-7B · 멈춘 두 마디,(내레이션),세 번째 곡의 마지막 후렴 앞 쉼표에서 손이 멈췄다.,세 번째 곡의 마지막 후렴 앞 쉼표에서 손이 멈췄다.
E3_7B:1,3-7B · 멈춘 두 마디,(내레이션),"한 마디, 두 마디가 지나간다. 객석이 술렁이는 소리가 멀게 들린다.","한 마디, 두 마디가 지나간다. 객석이 술렁이는 소리가 멀게 들린다."
E3_7B:2,3-7B · 멈춘 두 마디,(내레이션),"루이가 오픈 마이크 때처럼, 원래 그런 곡인 것처럼 혼자 노래를 이었다.","루이가 오픈 마이크 때처럼, 원래 그런 곡인 것처럼 혼자 노래를 이었다."
E3_7B:3,3-7B · 멈춘 두 마디,(내레이션),하이햇이 작게 계속 울리고 있었다. 렌이다. 그 박자를 따라 셋에 들어갔다.,하이햇이 작게 계속 울리고 있었다. 렌이다. 그 박자를 따라 셋에 들어갔다.
E3_7B:4,3-7B · 멈춘 두 마디,(내레이션),건반이 빈자리를 메웠다. 레이의 편곡에는 원래 없던 음이다.,건반이 빈자리를 메웠다. 레이의 편곡에는 원래 없던 음이다.
E3_7B:5,3-7B · 멈춘 두 마디,(내레이션),베이스가 멜로디를 쳤다. 코토가 앰프 뒤에서 나와 있었다.,베이스가 멜로디를 쳤다. 코토가 앰프 뒤에서 나와 있었다.
E3_7B:6,3-7B · 멈춘 두 마디,(내레이션),나츠의 기타가 크게 울렸다. 틀린 코드였지만 아무도 신경 쓰지 않았다.,나츠의 기타가 크게 울렸다. 틀린 코드였지만 아무도 신경 쓰지 않았다.
E3_7B:7,3-7B · 멈춘 두 마디,(내레이션),공연이 끝난 대기실에서 다들 아무 말이 없다.,공연이 끝난 대기실에서 다들 아무 말이 없다.
E3_7B:8,3-7B · 멈춘 두 마디,루이,……다음 달에 또 하면 돼.,……다음 달에 또 하면 돼.
E3_7B:9,3-7B · 멈춘 두 마디,(내레이션),루이의 목소리가 평소보다 조금 부드러웠다.,루이의 목소리가 평소보다 조금 부드러웠다.
E3_8:0,3-8 · 끊긴 건 방송 라인뿐,(내레이션),"정기 공연 이틀 뒤, 점장이 가게 문을 닫고 한 사람을 데려왔다.","정기 공연 이틀 뒤, 점장이 가게 문을 닫고 한 사람을 데려왔다."
E3_8:1,3-8 · 끊긴 건 방송 라인뿐,세리자와 점장,오카베. 옛날에 나랑 같이 무대 뛰던 음향 엔지니어야. 지금은 페스 PA 일을 해.,오카베. 옛날에 나랑 같이 무대 뛰던 음향 엔지니어야. 지금은 페스 PA 일을 해.
E3_8:2,3-8 · 끊긴 건 방송 라인뿐,오카베,반가워요. 토요일 공연 봤어요. 맨 뒤에서.,반가워요. 토요일 공연 봤어요. 맨 뒤에서.
E3_8:3,3-8 · 끊긴 건 방송 라인뿐,세리자와 점장,예전에 그날 조명 얘기 나중에 하자고 했지. 지금 할게.,예전에 그날 조명 얘기 나중에 하자고 했지. 지금 할게.
E3_8:4,3-8 · 끊긴 건 방송 라인뿐,오카베,작년 블루 아워 페스요. 서브 스테이지 PA 콘솔 옆에 제가 있었어요.,작년 블루 아워 페스요. 서브 스테이지 PA 콘솔 옆에 제가 있었어요.
E3_8:5,3-8 · 끊긴 건 방송 라인뿐,오카베,"그 47초 동안 행사장 전원은 멀쩡했어요. 조명도, 모니터도, 제 콘솔도요.","그 47초 동안 행사장 전원은 멀쩡했어요. 조명도, 모니터도, 제 콘솔도요."
E3_8:6,3-8 · 끊긴 건 방송 라인뿐,오카베,"끊긴 건 방송 라인이랑 메인 PA로 가는 라인, 그 두 개뿐이었어요. 무대 뒤 재생 장비 쪽에서요.","끊긴 건 방송 라인이랑 메인 PA로 가는 라인, 그 두 개뿐이었어요. 무대 뒤 재생 장비 쪽에서요."
E3_8:7,3-8 · 끊긴 건 방송 라인뿐,@NAME,재생 장비요? 그날 우리는 전부 라이브로 쳤는데요.,재생 장비요? 그날 우리는 전부 라이브로 쳤는데요.
E3_8:8,3-8 · 끊긴 건 방송 라인뿐,오카베,그러니까 이상하다는 거예요. 무대 뒤에 저희 쪽 장비가 아닌 게 하나 있었어요. 레이블 쪽에서 들여온 거요.,그러니까 이상하다는 거예요. 무대 뒤에 저희 쪽 장비가 아닌 게 하나 있었어요. 레이블 쪽에서 들여온 거요.
E3_8:9,3-8 · 끊긴 건 방송 라인뿐,오카베,누가 뭘 틀려고 했는지는 몰라요. 저는 콘솔만 봤으니까.,누가 뭘 틀려고 했는지는 몰라요. 저는 콘솔만 봤으니까.
E3_8:10,3-8 · 끊긴 건 방송 라인뿐,(내레이션),그날 인이어로 들은 소리가 다시 떠오른다. 기타 소리는 끝까지 들렸다. 내가 친 것치고는 너무 깨끗한 소리였다.,그날 인이어로 들은 소리가 다시 떠오른다. 기타 소리는 끝까지 들렸다. 내가 친 것치고는 너무 깨끗한 소리였다.
E3_8:11,3-8 · 끊긴 건 방송 라인뿐,(내레이션),두 번째 줄을 살짝 늦게 치는 버릇이 없었다던 나츠의 말도 떠오른다.,두 번째 줄을 살짝 늦게 치는 버릇이 없었다던 나츠의 말도 떠오른다.
E3_8:12.c1,3-8 · 끊긴 건 방송 라인뿐 · 선택지 1,(선택지),"""더 아는 건 없어요?""","""더 아는 건 없어요?"""
E3_8:12.c2,3-8 · 끊긴 건 방송 라인뿐 · 선택지 2,(선택지),"""……감사합니다.""","""……감사합니다."""
E3_8:13.1,3-8 · 끊긴 건 방송 라인뿐 · 선택지 1을 골랐을 때,오카베,없어요. 있었으면 1년 동안 입 다물고 있지 않았겠죠. 미안해요.,없어요. 있었으면 1년 동안 입 다물고 있지 않았겠죠. 미안해요.
E3_8:13.2,3-8 · 끊긴 건 방송 라인뿐 · 선택지 2을 골랐을 때,오카베,고마워할 일은 아니에요. 늦게 말해서 미안해요.,고마워할 일은 아니에요. 늦게 말해서 미안해요.
E3_8:14,3-8 · 끊긴 건 방송 라인뿐,세리자와 점장,그날 조명이 켜져 있던 이유가 이거야. 너 때문에 소리가 끊긴 게 아니라는 거.,그날 조명이 켜져 있던 이유가 이거야. 너 때문에 소리가 끊긴 게 아니라는 거.
E3_8:15,3-8 · 끊긴 건 방송 라인뿐,(내레이션),"내 탓이 아니었을 수도 있다니, 1년 동안 한 번도 못 해 본 생각이다.","내 탓이 아니었을 수도 있다니, 1년 동안 한 번도 못 해 본 생각이다."
E3_9:0,3-9 · ECLIPSE,(내레이션),"7월 첫 월요일, PULSE 트렌드 1위에 익숙한 이름이 떠 있다.","7월 첫 월요일, PULSE 트렌드 1위에 익숙한 이름이 떠 있다."
E3_9:1,3-9 · ECLIPSE,PULSE,@ECLIPSE_official · 여름 대항전 시리즈 「ECLIPSE vs NEXT」 개최. 도전 밴드 모집.,@ECLIPSE_official · 여름 대항전 시리즈 「ECLIPSE vs NEXT」 개최. 도전 밴드 모집.
E3_9:2,3-9 · ECLIPSE,PULSE,"@ECLIPSE_official · 기타 츠키시마 하루 코멘트: ""꼭 같은 무대에 서 보고 싶은 밴드가 있어요.""","@ECLIPSE_official · 기타 츠키시마 하루 코멘트: ""꼭 같은 무대에 서 보고 싶은 밴드가 있어요."""
E3_9:3,3-9 · ECLIPSE,(내레이션),사진 속 하루는 1년 전보다 머리가 짧다. 웃고 있다. 그 얼굴을 한참 봤다.,사진 속 하루는 1년 전보다 머리가 짧다. 웃고 있다. 그 얼굴을 한참 봤다.
E3_9:4,3-9 · ECLIPSE,(내레이션),귀 안쪽이 다시 울렸다.,귀 안쪽이 다시 울렸다.
E3_9:5,3-9 · ECLIPSE,루이,……봤어?,……봤어?
E3_9:6,3-9 · ECLIPSE,레이,ECLIPSE네. 리더 얼굴은 별로 보고 싶지 않은데.,ECLIPSE네. 리더 얼굴은 별로 보고 싶지 않은데.
E3_9:7,3-9 · ECLIPSE,나츠,하루면…… 그 하루요? 배신자라고 다들 그러는?,하루면…… 그 하루요? 배신자라고 다들 그러는?
E3_9:8,3-9 · ECLIPSE,루이,나츠.,나츠.
E3_9:9,3-9 · ECLIPSE,루이,나가자. 대항전.,나가자. 대항전.
E3_9:10.c1,3-9 · ECLIPSE · 선택지 1,(선택지),"""……나가자.""","""……나가자."""
E3_9:10.c2,3-9 · ECLIPSE · 선택지 2,(선택지),"""조금만 생각해 볼게.""","""조금만 생각해 볼게."""
E3_9:11.1,3-9 · ECLIPSE · 선택지 1을 골랐을 때,루이,그래. 이번엔 네가 먼저 말했다.,그래. 이번엔 네가 먼저 말했다.
E3_9:11.2,3-9 · ECLIPSE · 선택지 2을 골랐을 때,루이,생각은 해. 대신 도망은 가지 마.,생각은 해. 대신 도망은 가지 마.
E3_9:12,3-9 · ECLIPSE,(내레이션),"그날 밤, 1년 동안 한 번도 울리지 않던 대화방에 알림이 떴다.","그날 밤, 1년 동안 한 번도 울리지 않던 대화방에 알림이 떴다."
E3_9:13,3-9 · ECLIPSE,하루,"토요일 공연, 뒤에서 봤어.","토요일 공연, 뒤에서 봤어."
E3_9:14,3-9 · ECLIPSE,하루,쉼표에서 안 멈추더라.,쉼표에서 안 멈추더라.
E3_9:15,3-9 · ECLIPSE,하루,"쉼표에서 멈추는 거, 아직 그대로네.","쉼표에서 멈추는 거, 아직 그대로네."
E3_9:16,3-9 · ECLIPSE,(내레이션),답장을 쓰다가 지웠다. 쓰다가 또 지웠다. 화면이 꺼질 때까지 그러고 있었다.,답장을 쓰다가 지웠다. 쓰다가 또 지웠다. 화면이 꺼질 때까지 그러고 있었다.
T_RUI1:0,♥ 루이 1 · 계단 중간,(내레이션),"해 질 녘, 신사 계단 중간쯤에 루이가 앉아 있다. 이어폰 한쪽을 빼고 뭔가를 흥얼거린다.","해 질 녘, 신사 계단 중간쯤에 루이가 앉아 있다. 이어폰 한쪽을 빼고 뭔가를 흥얼거린다."
T_RUI1:1,♥ 루이 1 · 계단 중간,루이,또 너야? 여기 아무도 안 오는 데라고 했잖아.,또 너야? 여기 아무도 안 오는 데라고 했잖아.
T_RUI1:2,♥ 루이 1 · 계단 중간,@NAME,그래서 왔어.,그래서 왔어.
T_RUI1:3,♥ 루이 1 · 계단 중간,루이,말은 잘해.,말은 잘해.
T_RUI1:4,♥ 루이 1 · 계단 중간,(내레이션),루이가 옆 계단을 손바닥으로 툭툭 턴다. 앉으라는 뜻인 것 같다.,루이가 옆 계단을 손바닥으로 툭툭 턴다. 앉으라는 뜻인 것 같다.
T_RUI1:5,♥ 루이 1 · 계단 중간,루이,뭐 듣냐고 안 물어봐?,뭐 듣냐고 안 물어봐?
T_RUI1:6.c1,♥ 루이 1 · 계단 중간 · 선택지 1,(선택지),"""뭐 들어?""","""뭐 들어?"""
T_RUI1:6.c2,♥ 루이 1 · 계단 중간 · 선택지 2,(선택지),"""안 물어볼게.""","""안 물어볼게."""
T_RUI1:7.1,♥ 루이 1 · 계단 중간 · 선택지 1을 골랐을 때,루이,……비밀.,……비밀.
T_RUI1:7.2,♥ 루이 1 · 계단 중간 · 선택지 2을 골랐을 때,루이,그러면 더 궁금해지는 거 알아?,그러면 더 궁금해지는 거 알아?
T_RUI1:8,♥ 루이 1 · 계단 중간,(내레이션),루이가 이어폰 한쪽을 내밀었다. 오래된 아이돌 그룹의 노래가 흘러나온다.,루이가 이어폰 한쪽을 내밀었다. 오래된 아이돌 그룹의 노래가 흘러나온다.
T_RUI1:9,♥ 루이 1 · 계단 중간,루이,웃지 마. 옛날에 좋아하던 거야.,웃지 마. 옛날에 좋아하던 거야.
T_RUI1:10,♥ 루이 1 · 계단 중간,(내레이션),노래가 끝날 때까지 둘 다 아무 말도 하지 않았다. 해가 계단 너머로 졌다.,노래가 끝날 때까지 둘 다 아무 말도 하지 않았다. 해가 계단 너머로 졌다.
T_RUI2:0,♥ 루이 2 · 새벽 세 시의 DM,(내레이션),새벽 세 시에 휴대폰 불빛 때문에 잠이 깼다.,새벽 세 시에 휴대폰 불빛 때문에 잠이 깼다.
T_RUI2:1,♥ 루이 2 · 새벽 세 시의 DM,루이,자?,자?
T_RUI2:2,♥ 루이 2 · 새벽 세 시의 DM,루이,아니 자겠지. 새벽 세 시니까.,아니 자겠지. 새벽 세 시니까.
T_RUI2:3,♥ 루이 2 · 새벽 세 시의 DM,루이,"그냥, 오늘 연습 때 네가 쉼표에서 안 멈춘 거. 그 얘기 하려고.","그냥, 오늘 연습 때 네가 쉼표에서 안 멈춘 거. 그 얘기 하려고."
T_RUI2:4.c1,♥ 루이 2 · 새벽 세 시의 DM · 선택지 1,(선택지),"""안 자. 말해.""","""안 자. 말해."""
T_RUI2:4.c2,♥ 루이 2 · 새벽 세 시의 DM · 선택지 2,(선택지),(읽기만 하고 다시 잔다),(읽기만 하고 다시 잔다)
T_RUI2:5,♥ 루이 2 · 새벽 세 시의 DM,루이,"……뭐야, 진짜 안 잤어?","……뭐야, 진짜 안 잤어?"
T_RUI2:6,♥ 루이 2 · 새벽 세 시의 DM,루이,잘했다고. 그 말 하려던 거야. 낮에는 말이 잘 안 나와서.,잘했다고. 그 말 하려던 거야. 낮에는 말이 잘 안 나와서.
T_RUI2:7,♥ 루이 2 · 새벽 세 시의 DM,루이,이제 자. 나도 잘 거야. 아마.,이제 자. 나도 잘 거야. 아마.
T_RUI2:8,♥ 루이 2 · 새벽 세 시의 DM,(내레이션),"다음 날 아침, 루이는 평소처럼 인사했다. 새벽 DM 얘기는 끝까지 꺼내지 않았다.","다음 날 아침, 루이는 평소처럼 인사했다. 새벽 DM 얘기는 끝까지 꺼내지 않았다."
T_RUI3:0,♥ 루이 3 · 맨 목소리 한 소절,(내레이션),"밤 열 시, 신사 계단에 루이가 마스크를 무릎 위에 올려놓고 앉아 있다.","밤 열 시, 신사 계단에 루이가 마스크를 무릎 위에 올려놓고 앉아 있다."
T_RUI3:1,♥ 루이 3 · 맨 목소리 한 소절,(내레이션),이쪽을 보자마자 마스크를 집어 들었다가 그대로 멈췄다.,이쪽을 보자마자 마스크를 집어 들었다가 그대로 멈췄다.
T_RUI3:2,♥ 루이 3 · 맨 목소리 한 소절,루이,……돌아서 있어.,……돌아서 있어.
T_RUI3:3,♥ 루이 3 · 맨 목소리 한 소절,(내레이션),돌아서자 등 뒤에서 노래가 한 소절 들렸다. 마스크 없이 부르는 목소리는 생각보다 가늘었다.,돌아서자 등 뒤에서 노래가 한 소절 들렸다. 마스크 없이 부르는 목소리는 생각보다 가늘었다.
T_RUI3:4,♥ 루이 3 · 맨 목소리 한 소절,(내레이션),두 번째 소절에서 목소리가 끊겼다.,두 번째 소절에서 목소리가 끊겼다.
T_RUI3:5,♥ 루이 3 · 맨 목소리 한 소절,루이,……여기까지야. 아직은.,……여기까지야. 아직은.
T_RUI3:6.c1,♥ 루이 3 · 맨 목소리 한 소절 · 선택지 1,(선택지),"(돌아보지 않고) ""좋은 목소리야.""","(돌아보지 않고) ""좋은 목소리야."""
T_RUI3:6.c2,♥ 루이 3 · 맨 목소리 한 소절 · 선택지 2,(선택지),"""다음엔 두 소절 해.""","""다음엔 두 소절 해."""
T_RUI3:7.1,♥ 루이 3 · 맨 목소리 한 소절 · 선택지 1을 골랐을 때,루이,돌아보지 마. 지금 얼굴 이상하니까.,돌아보지 마. 지금 얼굴 이상하니까.
T_RUI3:7.2,♥ 루이 3 · 맨 목소리 한 소절 · 선택지 2을 골랐을 때,루이,욕심은.,욕심은.
T_RUI3:8,♥ 루이 3 · 맨 목소리 한 소절,루이,……가자. 늦었어.,……가자. 늦었어.
T_RUI3:9,♥ 루이 3 · 맨 목소리 한 소절,(내레이션),돌아봤을 때 루이는 마스크를 쓰고 있었다. 눈가가 조금 빨갰다.,돌아봤을 때 루이는 마스크를 쓰고 있었다. 눈가가 조금 빨갰다.
T_REN1:0,♥ 렌 1 · 서비스 차슈,(내레이션),멘야 도돈은 오늘도 손님이 별로 없다. 렌은 카운터 안에서 국물 간을 보고 있다.,멘야 도돈은 오늘도 손님이 별로 없다. 렌은 카운터 안에서 국물 간을 보고 있다.
T_REN1:1,♥ 렌 1 · 서비스 차슈,렌,어서 오세요. 또 오셨네요.,어서 오세요. 또 오셨네요.
T_REN1:2,♥ 렌 1 · 서비스 차슈,렌,오늘은 뭐 들으면서 오셨어요? 이어폰을 늘 한쪽만 끼시던데.,오늘은 뭐 들으면서 오셨어요? 이어폰을 늘 한쪽만 끼시던데.
T_REN1:3.c1,♥ 렌 1 · 서비스 차슈 · 선택지 1,(선택지),"""그냥 옛날 노래요.""","""그냥 옛날 노래요."""
T_REN1:3.c2,♥ 렌 1 · 서비스 차슈 · 선택지 2,(선택지),"""……한쪽은 좀 쉬게 하려고요.""","""……한쪽은 좀 쉬게 하려고요."""
T_REN1:3.c3,♥ 렌 1 · 서비스 차슈 · 선택지 3,(선택지),"""라멘집에서 뭐 듣냐고 묻는 사람은 처음 봐요.""","""라멘집에서 뭐 듣냐고 묻는 사람은 처음 봐요."""
T_REN1:4,♥ 렌 1 · 서비스 차슈,렌,옛날 노래 좋죠. 드럼을 사람이 직접 쳐서요.,옛날 노래 좋죠. 드럼을 사람이 직접 쳐서요.
T_REN1:5,♥ 렌 1 · 서비스 차슈,렌,……그렇구나.,……그렇구나.
T_REN1:6,♥ 렌 1 · 서비스 차슈,(내레이션),렌은 그 뒤로 국물을 뜰 때 국자를 냄비에 부딪히지 않았다. 소리를 줄이는 것 같았다.,렌은 그 뒤로 국물을 뜰 때 국자를 냄비에 부딪히지 않았다. 소리를 줄이는 것 같았다.
T_REN1:7,♥ 렌 1 · 서비스 차슈,렌,박자 얘기할 사람이 없어서 그래요. 다들 면만 먹고 가요.,박자 얘기할 사람이 없어서 그래요. 다들 면만 먹고 가요.
T_REN1:8,♥ 렌 1 · 서비스 차슈,(내레이션),그릇 위에 차슈가 두 장 더 얹혀 있다. 주문하지 않았다.,그릇 위에 차슈가 두 장 더 얹혀 있다. 주문하지 않았다.
T_REN1:9,♥ 렌 1 · 서비스 차슈,렌,서비스예요. 아버지한테는 비밀로 해 주세요.,서비스예요. 아버지한테는 비밀로 해 주세요.
T_REN2:0,♥ 렌 2 · 밤 열한 시의 도마,(내레이션),"밤 열한 시, 가게 문 닫을 시간이다. 렌이 도마를 닦고 있다.","밤 열한 시, 가게 문 닫을 시간이다. 렌이 도마를 닦고 있다."
T_REN2:1,♥ 렌 2 · 밤 열한 시의 도마,렌,마감인데요. 라멘은 끝났어요.,마감인데요. 라멘은 끝났어요.
T_REN2:2,♥ 렌 2 · 밤 열한 시의 도마,렌,……그냥 앉아 계세요. 보리차는 있어요.,……그냥 앉아 계세요. 보리차는 있어요.
T_REN2:3,♥ 렌 2 · 밤 열한 시의 도마,(내레이션),안쪽 방에서 기침 소리가 난다. 렌이 손을 멈추고 한참 그쪽을 본다.,안쪽 방에서 기침 소리가 난다. 렌이 손을 멈추고 한참 그쪽을 본다.
T_REN2:4,♥ 렌 2 · 밤 열한 시의 도마,렌,아버지 기침이 밤이 되면 심해져요.,아버지 기침이 밤이 되면 심해져요.
T_REN2:5.c1,♥ 렌 2 · 밤 열한 시의 도마 · 선택지 1,(선택지),"""병원은 가 보셨어요?""","""병원은 가 보셨어요?"""
T_REN2:5.c2,♥ 렌 2 · 밤 열한 시의 도마 · 선택지 2,(선택지),(보리차를 마신다),(보리차를 마신다)
T_REN2:6,♥ 렌 2 · 밤 열한 시의 도마,렌,"가 보시라고 계속 말씀드리는데요. 가게를 하루 닫으면 그만큼…… 아, 아니에요.","가 보시라고 계속 말씀드리는데요. 가게를 하루 닫으면 그만큼…… 아, 아니에요."
T_REN2:7,♥ 렌 2 · 밤 열한 시의 도마,(내레이션),더 말을 걸지 않았다. 렌도 더 말하지 않았다. 도마 닦는 소리만 일정하게 이어졌다.,더 말을 걸지 않았다. 렌도 더 말하지 않았다. 도마 닦는 소리만 일정하게 이어졌다.
T_REN2:8,♥ 렌 2 · 밤 열한 시의 도마,렌,이 시간에 누가 있으니까 좋네요. 가게가 안 조용해서요.,이 시간에 누가 있으니까 좋네요. 가게가 안 조용해서요.
T_REN3:0,♥ 렌 3 · 말 놓기,(내레이션),가게 뒤 골목에서 렌이 양동이를 두드리다 나무젓가락을 멈춘다.,가게 뒤 골목에서 렌이 양동이를 두드리다 나무젓가락을 멈춘다.
T_REN3:1,♥ 렌 3 · 말 놓기,렌,저기. 말 놓아도 돼요?,저기. 말 놓아도 돼요?
T_REN3:2,♥ 렌 3 · 말 놓기,렌,"나이는 제가 많은데 계속 존댓말을 하니까, 박자가 한 박씩 밀리는 느낌이라서요.","나이는 제가 많은데 계속 존댓말을 하니까, 박자가 한 박씩 밀리는 느낌이라서요."
T_REN3:3.c1,♥ 렌 3 · 말 놓기 · 선택지 1,(선택지),"""그래, 놓자.""","""그래, 놓자."""
T_REN3:3.c2,♥ 렌 3 · 말 놓기 · 선택지 2,(선택지),"""렌이 편한 대로 해.""","""렌이 편한 대로 해."""
T_REN3:4,♥ 렌 3 · 말 놓기,렌,"……그럼. 어, 음.","……그럼. 어, 음."
T_REN3:5,♥ 렌 3 · 말 놓기,렌,안 되겠다. 입에 안 붙어요. 천천히 할게. ……할게요. 할게.,안 되겠다. 입에 안 붙어요. 천천히 할게. ……할게요. 할게.
T_REN3:6,♥ 렌 3 · 말 놓기,렌,그럼 반반으로 할게요. 박자 맞을 때만 반말.,그럼 반반으로 할게요. 박자 맞을 때만 반말.
T_NATSU1:0,♥ 나츠 1 · 가판대 앞 F 코드,(내레이션),헌옷가게 가판대 앞에서 나츠가 옷걸이를 정리하다가 이쪽을 보고 손을 흔든다.,헌옷가게 가판대 앞에서 나츠가 옷걸이를 정리하다가 이쪽을 보고 손을 흔든다.
T_NATSU1:1,♥ 나츠 1 · 가판대 앞 F 코드,나츠,"선배! 오늘은 뭐 사러 오셨어요? 아, 아니다. 저 보러 오셨죠?","선배! 오늘은 뭐 사러 오셨어요? 아, 아니다. 저 보러 오셨죠?"
T_NATSU1:2,♥ 나츠 1 · 가판대 앞 F 코드,나츠,"농담이에요! 근데 잠깐만요, 이거 들어 보세요.","농담이에요! 근데 잠깐만요, 이거 들어 보세요."
T_NATSU1:3,♥ 나츠 1 · 가판대 앞 F 코드,(내레이션),"나츠가 가판대 밑에서 기타를 꺼낸다. C, G, Am을 지나 F까지 제대로 울렸다.","나츠가 가판대 밑에서 기타를 꺼낸다. C, G, Am을 지나 F까지 제대로 울렸다."
T_NATSU1:4.c1,♥ 나츠 1 · 가판대 앞 F 코드 · 선택지 1,(선택지),"""소리 났네.""","""소리 났네."""
T_NATSU1:4.c2,♥ 나츠 1 · 가판대 앞 F 코드 · 선택지 2,(선택지),"""F 다음엔 뭐 칠 거야?""","""F 다음엔 뭐 칠 거야?"""
T_NATSU1:5.1,♥ 나츠 1 · 가판대 앞 F 코드 · 선택지 1을 골랐을 때,나츠,났죠! 사흘 동안 물집 잡혀 가면서 쳤어요!,났죠! 사흘 동안 물집 잡혀 가면서 쳤어요!
T_NATSU1:5.2,♥ 나츠 1 · 가판대 앞 F 코드 · 선택지 2을 골랐을 때,나츠,다음이요? B♭이요. 선배가 제일 싫어하는 코드라고 인터뷰에서 그랬잖아요.,다음이요? B♭이요. 선배가 제일 싫어하는 코드라고 인터뷰에서 그랬잖아요.
T_NATSU1:6,♥ 나츠 1 · 가판대 앞 F 코드,@NAME,그런 인터뷰도 봤어?,그런 인터뷰도 봤어?
T_NATSU1:7,♥ 나츠 1 · 가판대 앞 F 코드,나츠,"……전부 봤어요. 아, 이상한 뜻은 아니고요!","……전부 봤어요. 아, 이상한 뜻은 아니고요!"
T_NATSU1:8,♥ 나츠 1 · 가판대 앞 F 코드,가게 안쪽,나츠! 손님 오셨다!,나츠! 손님 오셨다!
T_NATSU1:9,♥ 나츠 1 · 가판대 앞 F 코드,나츠,"네에! 선배, 또 오세요! 다음엔 B♭ 들려드릴게요!","네에! 선배, 또 오세요! 다음엔 B♭ 들려드릴게요!"
T_NATSU2:0,♥ 나츠 2 · 강변 둑 연습,(내레이션),해 질 녘 강변 둑에서 누가 앰프도 없이 기타를 치고 있다. 나츠다.,해 질 녘 강변 둑에서 누가 앰프도 없이 기타를 치고 있다. 나츠다.
T_NATSU2:1,♥ 나츠 2 · 강변 둑 연습,나츠,"헉, 선배. 여기 어떻게……","헉, 선배. 여기 어떻게……"
T_NATSU2:2,♥ 나츠 2 · 강변 둑 연습,나츠,집에서 치면 누나가 시끄럽다고 해서요. 여기는 강물 소리가 다 덮어 줘요.,집에서 치면 누나가 시끄럽다고 해서요. 여기는 강물 소리가 다 덮어 줘요.
T_NATSU2:3,♥ 나츠 2 · 강변 둑 연습,(내레이션),나츠의 왼손 손가락 끝에 반창고가 세 개 붙어 있다.,나츠의 왼손 손가락 끝에 반창고가 세 개 붙어 있다.
T_NATSU2:4.c1,♥ 나츠 2 · 강변 둑 연습 · 선택지 1,(선택지),"""반창고는 떼고 쳐. 굳은살이 늦게 생겨.""","""반창고는 떼고 쳐. 굳은살이 늦게 생겨."""
T_NATSU2:4.c2,♥ 나츠 2 · 강변 둑 연습 · 선택지 2,(선택지),"""오늘은 그만 쳐.""","""오늘은 그만 쳐."""
T_NATSU2:4.c3,♥ 나츠 2 · 강변 둑 연습 · 선택지 3,(선택지),"""같이 칠까?""","""같이 칠까?"""
T_NATSU2:5,♥ 나츠 2 · 강변 둑 연습,나츠,진짜요? 아파도요?,진짜요? 아파도요?
T_NATSU2:6,♥ 나츠 2 · 강변 둑 연습,@NAME,아파도.,아파도.
T_NATSU2:7,♥ 나츠 2 · 강변 둑 연습,나츠,선배도 그렇게 해서 굳은살 생긴 거죠? 그럼 저도 할래요.,선배도 그렇게 해서 굳은살 생긴 거죠? 그럼 저도 할래요.
T_NATSU2:8,♥ 나츠 2 · 강변 둑 연습,나츠,"에이, 조금만 더요. 해 지기 전까지만요.","에이, 조금만 더요. 해 지기 전까지만요."
T_NATSU2:9,♥ 나츠 2 · 강변 둑 연습,(내레이션),나츠 옆에 앉아 기타를 받아 들었다. 강물 소리에 둘의 코드가 섞였다. 나츠는 한 박 빨랐지만 끝까지 따라왔다.,나츠 옆에 앉아 기타를 받아 들었다. 강물 소리에 둘의 코드가 섞였다. 나츠는 한 박 빨랐지만 끝까지 따라왔다.
T_NATSU2:10,♥ 나츠 2 · 강변 둑 연습,나츠,……이거 평생 자랑할 거예요.,……이거 평생 자랑할 거예요.
T_NATSU3:0,♥ 나츠 3 · 서랍 속 휴대폰,(내레이션),헌옷가게 창고에서 나츠가 상자 사이에 있던 오래된 휴대폰을 꺼냈다.,헌옷가게 창고에서 나츠가 상자 사이에 있던 오래된 휴대폰을 꺼냈다.
T_NATSU3:1,♥ 나츠 3 · 서랍 속 휴대폰,나츠,"선배, 이거 작년 여름에 쓰던 폰이에요. 배터리가 나가서 서랍에 넣어 뒀었는데요.","선배, 이거 작년 여름에 쓰던 폰이에요. 배터리가 나가서 서랍에 넣어 뒀었는데요."
T_NATSU3:2,♥ 나츠 3 · 서랍 속 휴대폰,나츠,페스 전날 리허설을 펜스 밖에서 녹음한 게 여기 있어요.,페스 전날 리허설을 펜스 밖에서 녹음한 게 여기 있어요.
T_NATSU3:3,♥ 나츠 3 · 서랍 속 휴대폰,나츠,한 번도 안 들어 봤어요. 다음 날 그렇게 되고 나서는 듣기가 무서워서요.,한 번도 안 들어 봤어요. 다음 날 그렇게 되고 나서는 듣기가 무서워서요.
T_NATSU3:4.c1,♥ 나츠 3 · 서랍 속 휴대폰 · 선택지 1,(선택지),"""같이 들어 볼래?""","""같이 들어 볼래?"""
T_NATSU3:4.c2,♥ 나츠 3 · 서랍 속 휴대폰 · 선택지 2,(선택지),"""듣고 싶어질 때 들어.""","""듣고 싶어질 때 들어."""
T_NATSU3:5,♥ 나츠 3 · 서랍 속 휴대폰,(내레이션),충전기를 꽂았다. 화면이 켜지지 않는다. 몇 번을 눌러도 까만 화면 그대로다.,충전기를 꽂았다. 화면이 켜지지 않는다. 몇 번을 눌러도 까만 화면 그대로다.
T_NATSU3:6,♥ 나츠 3 · 서랍 속 휴대폰,나츠,고장 났나 봐요. 수리점에 맡겨 볼게요.,고장 났나 봐요. 수리점에 맡겨 볼게요.
T_NATSU3:7,♥ 나츠 3 · 서랍 속 휴대폰,나츠,……네. 그럼 들을 때는 선배 옆에서 들을게요.,……네. 그럼 들을 때는 선배 옆에서 들을게요.
T_NATSU3:8,♥ 나츠 3 · 서랍 속 휴대폰,(내레이션),나츠는 휴대폰을 수건으로 싸서 앞치마 주머니에 넣었다.,나츠는 휴대폰을 수건으로 싸서 앞치마 주머니에 넣었다.
T_REI1:0,♥ 레이 1 · 7박자,(내레이션),레코드샵 사이드B에 들어서자 레이가 LP를 한 장 들고 이쪽을 돌아봤다.,레코드샵 사이드B에 들어서자 레이가 LP를 한 장 들고 이쪽을 돌아봤다.
T_REI1:1,♥ 레이 1 · 7박자,레이,또 왔네. 오늘은 발 가만히 있어?,또 왔네. 오늘은 발 가만히 있어?
T_REI1:2,♥ 레이 1 · 7박자,레이,이거 들어 봐. 7박자야. 세 봐.,이거 들어 봐. 7박자야. 세 봐.
T_REI1:3,♥ 레이 1 · 7박자,(내레이션),"가게 스피커에서 곡이 흐른다. 하나, 둘, 셋, 넷……","가게 스피커에서 곡이 흐른다. 하나, 둘, 셋, 넷……"
T_REI1:4.c1,♥ 레이 1 · 7박자 · 선택지 1,(선택지),"""3하고 4로 나눠서 세면 돼?""","""3하고 4로 나눠서 세면 돼?"""
T_REI1:4.c2,♥ 레이 1 · 7박자 · 선택지 2,(선택지),"""2, 2, 3이지?""","""2, 2, 3이지?"""
T_REI1:4.c3,♥ 레이 1 · 7박자 · 선택지 3,(선택지),"""못 세겠어.""","""못 세겠어."""
T_REI1:5.1,♥ 레이 1 · 7박자 · 선택지 1을 골랐을 때,레이,그것도 방법이야. 틀리진 않았어.,그것도 방법이야. 틀리진 않았어.
T_REI1:5.2,♥ 레이 1 · 7박자 · 선택지 2을 골랐을 때,레이,……맞아. 한 번 듣고 바로 맞힌 사람은 처음이야.,……맞아. 한 번 듣고 바로 맞힌 사람은 처음이야.
T_REI1:5.3,♥ 레이 1 · 7박자 · 선택지 3을 골랐을 때,레이,솔직해서 좋네. 아는 척하는 사람보다 훨씬 나아.,솔직해서 좋네. 아는 척하는 사람보다 훨씬 나아.
T_REI1:6,♥ 레이 1 · 7박자,레이,다음엔 5박자 가져올게. 도망가지 마.,다음엔 5박자 가져올게. 도망가지 마.
T_REI2:0,♥ 레이 2 · 음대 앞 정류장,(내레이션),버스 정류장 벤치에 레이가 앉아 있다. 정류장 이름은 「나기사카 음대 앞」이다.,버스 정류장 벤치에 레이가 앉아 있다. 정류장 이름은 「나기사카 음대 앞」이다.
T_REI2:1,♥ 레이 2 · 음대 앞 정류장,레이,……왜 여기 있어.,……왜 여기 있어.
T_REI2:2,♥ 레이 2 · 음대 앞 정류장,@NAME,지나가다가. 너는?,지나가다가. 너는?
T_REI2:3,♥ 레이 2 · 음대 앞 정류장,레이,버릇. 2년 동안 여기서 내렸거든. 지금도 가끔 이 정류장에서 내려.,버릇. 2년 동안 여기서 내렸거든. 지금도 가끔 이 정류장에서 내려.
T_REI2:4,♥ 레이 2 · 음대 앞 정류장,레이,"자퇴한 학교 앞에서 내리는 거, 이상하지.","자퇴한 학교 앞에서 내리는 거, 이상하지."
T_REI2:5.c1,♥ 레이 2 · 음대 앞 정류장 · 선택지 1,(선택지),"""안 이상해.""","""안 이상해."""
T_REI2:5.c2,♥ 레이 2 · 음대 앞 정류장 · 선택지 2,(선택지),"""왜 그만뒀어?""","""왜 그만뒀어?"""
T_REI2:6,♥ 레이 2 · 음대 앞 정류장,레이,……안 이상하다고 해 준 사람은 처음이야.,……안 이상하다고 해 준 사람은 처음이야.
T_REI2:7,♥ 레이 2 · 음대 앞 정류장,레이,묻지 마. 아직은.,묻지 마. 아직은.
T_REI2:8,♥ 레이 2 · 음대 앞 정류장,레이,……미안. 말투가 원래 이래. 언젠가 말할게.,……미안. 말투가 원래 이래. 언젠가 말할게.
T_REI2:9,♥ 레이 2 · 음대 앞 정류장,(내레이션),버스가 왔다. 레이는 타지 않고 버스가 떠나는 걸 지켜봤다.,버스가 왔다. 레이는 타지 않고 버스가 떠나는 걸 지켜봤다.
T_REI2:10,♥ 레이 2 · 음대 앞 정류장,레이,걸어가자. 한 정거장이니까.,걸어가자. 한 정거장이니까.
T_REI3:0,♥ 레이 3 · 한 박도 안 되는 시간,(내레이션),레코드샵에서 레이가 휴대폰으로 뭔가를 보고 있다. 화면을 보니 우리 공연 기록이다.,레코드샵에서 레이가 휴대폰으로 뭔가를 보고 있다. 화면을 보니 우리 공연 기록이다.
T_REI3:1,♥ 레이 3 · 한 박도 안 되는 시간,레이,S 랭크 받았더라.,S 랭크 받았더라.
T_REI3:2,♥ 레이 3 · 한 박도 안 되는 시간,레이,……박자 흔들린 데가 한 군데도 없었어.,……박자 흔들린 데가 한 군데도 없었어.
T_REI3:3,♥ 레이 3 · 한 박도 안 되는 시간,(내레이션),레이가 휴대폰을 내렸다. 입꼬리가 아주 조금 올라가 있다.,레이가 휴대폰을 내렸다. 입꼬리가 아주 조금 올라가 있다.
T_REI3:4,♥ 레이 3 · 한 박도 안 되는 시간,레이,잘했어.,잘했어.
T_REI3:5,♥ 레이 3 · 한 박도 안 되는 시간,(내레이션),그 말을 하고 레이는 바로 표정을 되돌렸다. 한 박도 안 되는 시간이었다.,그 말을 하고 레이는 바로 표정을 되돌렸다. 한 박도 안 되는 시간이었다.
T_REI3:6.c1,♥ 레이 3 · 한 박도 안 되는 시간 · 선택지 1,(선택지),"""방금 웃었어?""","""방금 웃었어?"""
T_REI3:6.c2,♥ 레이 3 · 한 박도 안 되는 시간 · 선택지 2,(선택지),(못 본 척한다),(못 본 척한다)
T_REI3:7,♥ 레이 3 · 한 박도 안 되는 시간,레이,안 웃었어. 잘못 봤겠지.,안 웃었어. 잘못 봤겠지.
T_REI3:8,♥ 레이 3 · 한 박도 안 되는 시간,레이,……봤으면서.,……봤으면서.
T_KOTO1:0,♥ 코토 1 · 새벽에 온 파일,(내레이션),밤에 침대에 누워 있는데 DM이 왔다.,밤에 침대에 누워 있는데 DM이 왔다.
T_KOTO1:1,♥ 코토 1 · 새벽에 온 파일,@kero_P,주무세요?,주무세요?
T_KOTO1:2,♥ 코토 1 · 새벽에 온 파일,@kero_P,"곡 하나 다 만들었는데, 들어 줄 사람이 없어서요. 들어 주시면 좋고, 아니면 말고요.","곡 하나 다 만들었는데, 들어 줄 사람이 없어서요. 들어 주시면 좋고, 아니면 말고요."
T_KOTO1:3,♥ 코토 1 · 새벽에 온 파일,(내레이션),링크를 누른다. 3분짜리 곡이다. 가사는 없고 베이스와 신스뿐이다.,링크를 누른다. 3분짜리 곡이다. 가사는 없고 베이스와 신스뿐이다.
T_KOTO1:4,♥ 코토 1 · 새벽에 온 파일,(내레이션),2분쯤에서 모든 소리가 한 마디 동안 끊겼다가 다시 들어온다.,2분쯤에서 모든 소리가 한 마디 동안 끊겼다가 다시 들어온다.
T_KOTO1:5.c1,♥ 코토 1 · 새벽에 온 파일 · 선택지 1,(선택지),"""2분쯤에 끊기는 데, 일부러 그런 거야?""","""2분쯤에 끊기는 데, 일부러 그런 거야?"""
T_KOTO1:5.c2,♥ 코토 1 · 새벽에 온 파일 · 선택지 2,(선택지),"""좋아. 계속 만들어 줘.""","""좋아. 계속 만들어 줘."""
T_KOTO1:5.c3,♥ 코토 1 · 새벽에 온 파일 · 선택지 3,(선택지),(개구리 이모티콘을 보낸다),(개구리 이모티콘을 보낸다)
T_KOTO1:6.1,♥ 코토 1 · 새벽에 온 파일 · 선택지 1을 골랐을 때,@kero_P,네. 조용한 데가 있어야 다음 소리가 크게 들려서요.,네. 조용한 데가 있어야 다음 소리가 크게 들려서요.
T_KOTO1:6.2,♥ 코토 1 · 새벽에 온 파일 · 선택지 2을 골랐을 때,@kero_P,……계속이요? 네. 계속할게요.,……계속이요? 네. 계속할게요.
T_KOTO1:6.3,♥ 코토 1 · 새벽에 온 파일 · 선택지 3을 골랐을 때,@kero_P,(개구리 이모티콘)(개구리 이모티콘),(개구리 이모티콘)(개구리 이모티콘)
T_KOTO1:7,♥ 코토 1 · 새벽에 온 파일,@kero_P,혹시 그런 거 싫으세요? 조용한 데요.,혹시 그런 거 싫으세요? 조용한 데요.
T_KOTO1:8,♥ 코토 1 · 새벽에 온 파일,(내레이션),"싫다고 쓰려다가 지웠다. ""괜찮아""라고 보냈다.","싫다고 쓰려다가 지웠다. ""괜찮아""라고 보냈다."
T_KOTO2:0,♥ 코토 2 · 개구리 택배,(내레이션),0dB에 출근하자 점장이 카운터 밑에서 작은 상자를 꺼냈다.,0dB에 출근하자 점장이 카운터 밑에서 작은 상자를 꺼냈다.
T_KOTO2:1,♥ 코토 2 · 개구리 택배,세리자와 점장,너 앞으로 택배 왔어. 보낸 사람 이름 칸에 개구리 그림만 있네.,너 앞으로 택배 왔어. 보낸 사람 이름 칸에 개구리 그림만 있네.
T_KOTO2:2,♥ 코토 2 · 개구리 택배,(내레이션),상자 안에 개구리 모양 이어폰 케이스와 쪽지가 들어 있다.,상자 안에 개구리 모양 이어폰 케이스와 쪽지가 들어 있다.
T_KOTO2:3,♥ 코토 2 · 개구리 택배,(내레이션),「이어폰을 늘 한쪽만 끼고 다니시길래요. 남은 한쪽은 여기 넣어 두세요.」,「이어폰을 늘 한쪽만 끼고 다니시길래요. 남은 한쪽은 여기 넣어 두세요.」
T_KOTO2:4,♥ 코토 2 · 개구리 택배,@kero_P,받으셨어요? 이상하면 버리셔도 돼요.,받으셨어요? 이상하면 버리셔도 돼요.
T_KOTO2:5.c1,♥ 코토 2 · 개구리 택배 · 선택지 1,(선택지),"""안 버려. 고마워.""","""안 버려. 고마워."""
T_KOTO2:5.c2,♥ 코토 2 · 개구리 택배 · 선택지 2,(선택지),"""한쪽만 끼는 건 어떻게 알았어?""","""한쪽만 끼는 건 어떻게 알았어?"""
T_KOTO2:6,♥ 코토 2 · 개구리 택배,@kero_P,(개구리 이모티콘) 다행이다.,(개구리 이모티콘) 다행이다.
T_KOTO2:7,♥ 코토 2 · 개구리 택배,@kero_P,0dB 사진 계정에 가끔 나오시잖아요. 늘 오른쪽만 끼고 계세요.,0dB 사진 계정에 가끔 나오시잖아요. 늘 오른쪽만 끼고 계세요.
T_KOTO2:8,♥ 코토 2 · 개구리 택배,@kero_P,……이런 거 다 보고 있으면 좀 무섭죠. 죄송해요.,……이런 거 다 보고 있으면 좀 무섭죠. 죄송해요.
T_KOTO3:0,♥ 코토 3 · 직캠 폴더,(내레이션),"코토네 집 앞에 오니 이층 창문에 불이 켜져 있다. DM이 왔는데, 평소보다 긴 메시지다.","코토네 집 앞에 오니 이층 창문에 불이 켜져 있다. DM이 왔는데, 평소보다 긴 메시지다."
T_KOTO3:1,♥ 코토 3 · 직캠 폴더,@kero_P,말씀드릴 게 있어요. 근데 아직 다는 못 해요.,말씀드릴 게 있어요. 근데 아직 다는 못 해요.
T_KOTO3:2,♥ 코토 3 · 직캠 폴더,@kero_P,"1년 전 그날, 맨 앞줄에서 영상 찍었어요. 처음부터 끝까지요.","1년 전 그날, 맨 앞줄에서 영상 찍었어요. 처음부터 끝까지요."
T_KOTO3:3,♥ 코토 3 · 직캠 폴더,@kero_P,인터넷에 도는 거랑은 달라요. 제 영상에는 소리가 있어요.,인터넷에 도는 거랑은 달라요. 제 영상에는 소리가 있어요.
T_KOTO3:4,♥ 코토 3 · 직캠 폴더,@kero_P,근데 아직은 못 보여 드려요. 제가 그걸 다시 볼 자신이 없어서요.,근데 아직은 못 보여 드려요. 제가 그걸 다시 볼 자신이 없어서요.
T_KOTO3:5.c1,♥ 코토 3 · 직캠 폴더 · 선택지 1,(선택지),"""보여 줄 수 있을 때 보여 줘.""","""보여 줄 수 있을 때 보여 줘."""
T_KOTO3:5.c2,♥ 코토 3 · 직캠 폴더 · 선택지 2,(선택지),"""……소리가 있다는 게 무슨 뜻이야?""","""……소리가 있다는 게 무슨 뜻이야?"""
T_KOTO3:6,♥ 코토 3 · 직캠 폴더,@kero_P,네. 그때는 제일 먼저 보여 드릴게요.,네. 그때는 제일 먼저 보여 드릴게요.
T_KOTO3:7,♥ 코토 3 · 직캠 폴더,@kero_P,그날 스피커가 꺼진 뒤에도 소리가 있었다는 뜻이에요.,그날 스피커가 꺼진 뒤에도 소리가 있었다는 뜻이에요.
T_KOTO3:8,♥ 코토 3 · 직캠 폴더,@kero_P,오늘은 여기까지만요. 죄송해요.,오늘은 여기까지만요. 죄송해요.
T_KOTO3:9,♥ 코토 3 · 직캠 폴더,(내레이션),창문의 불이 꺼졌다. 대화창에는 개구리 이모티콘 하나가 마지막으로 남았다.,창문의 불이 꺼졌다. 대화창에는 개구리 이모티콘 하나가 마지막으로 남았다.
T_SZ1:0,점장 1 · 문 닫은 뒤의 캔 두 개,(내레이션),문 닫은 0dB에서 점장이 카운터에 맥주 하나와 탄산음료 하나를 올려놓았다.,문 닫은 0dB에서 점장이 카운터에 맥주 하나와 탄산음료 하나를 올려놓았다.
T_SZ1:1,점장 1 · 문 닫은 뒤의 캔 두 개,세리자와 점장,넌 이거. 내일도 알바니까.,넌 이거. 내일도 알바니까.
T_SZ1:2,점장 1 · 문 닫은 뒤의 캔 두 개,세리자와 점장,오픈 마이크 어땠어. 무대 위에서.,오픈 마이크 어땠어. 무대 위에서.
T_SZ1:3.c1,점장 1 · 문 닫은 뒤의 캔 두 개 · 선택지 1,(선택지),"""무서웠어요.""","""무서웠어요."""
T_SZ1:3.c2,점장 1 · 문 닫은 뒤의 캔 두 개 · 선택지 2,(선택지),"""……좋았어요.""","""……좋았어요."""
T_SZ1:3.c3,점장 1 · 문 닫은 뒤의 캔 두 개 · 선택지 3,(선택지),"""잘 모르겠어요.""","""잘 모르겠어요."""
T_SZ1:4.1,점장 1 · 문 닫은 뒤의 캔 두 개 · 선택지 1을 골랐을 때,세리자와 점장,그래. 무서운 걸 무섭다고 말하는 게 제일 어려워.,그래. 무서운 걸 무섭다고 말하는 게 제일 어려워.
T_SZ1:4.2,점장 1 · 문 닫은 뒤의 캔 두 개 · 선택지 2을 골랐을 때,세리자와 점장,그 말 들으려고 1년 동안 문자 보낸 거야.,그 말 들으려고 1년 동안 문자 보낸 거야.
T_SZ1:4.3,점장 1 · 문 닫은 뒤의 캔 두 개 · 선택지 3을 골랐을 때,세리자와 점장,모르는 게 정상이야. 알게 되면 재미없어.,모르는 게 정상이야. 알게 되면 재미없어.
T_SZ1:5,점장 1 · 문 닫은 뒤의 캔 두 개,세리자와 점장,귀는 좀 어때.,귀는 좀 어때.
T_SZ1:6,점장 1 · 문 닫은 뒤의 캔 두 개,(내레이션),캔을 쥔 손이 멈췄다. 점장은 이쪽을 보지 않고 맥주를 마셨다.,캔을 쥔 손이 멈췄다. 점장은 이쪽을 보지 않고 맥주를 마셨다.
T_SZ1:7.c1,점장 1 · 문 닫은 뒤의 캔 두 개 · 선택지 1,(선택지),"""……괜찮아요.""","""……괜찮아요."""
T_SZ1:7.c2,점장 1 · 문 닫은 뒤의 캔 두 개 · 선택지 2,(선택지),"""사실 가끔 울려요.""","""사실 가끔 울려요."""
T_SZ1:8,점장 1 · 문 닫은 뒤의 캔 두 개,세리자와 점장,그래. 그럼 안 괜찮을 때 말해.,그래. 그럼 안 괜찮을 때 말해.
T_SZ1:9,점장 1 · 문 닫은 뒤의 캔 두 개,세리자와 점장,……말해 줘서 고마워. 네 모니터는 좀 줄여 둘게. 다른 사람한테는 말 안 해.,……말해 줘서 고마워. 네 모니터는 좀 줄여 둘게. 다른 사람한테는 말 안 해.
T_SZ2:0,점장 2 · 지우지 말아 달라는 사인,(내레이션),"개장 전, 점장이 대기실 벽의 사인을 걸레로 닦고 있다. SIGNAL LOST 사인만 피해서 닦는다.","개장 전, 점장이 대기실 벽의 사인을 걸레로 닦고 있다. SIGNAL LOST 사인만 피해서 닦는다."
T_SZ2:1,점장 2 · 지우지 말아 달라는 사인,@NAME,그건 안 닦아요?,그건 안 닦아요?
T_SZ2:2,점장 2 · 지우지 말아 달라는 사인,세리자와 점장,이건 지우지 말라는 부탁을 받았거든.,이건 지우지 말라는 부탁을 받았거든.
T_SZ2:3,점장 2 · 지우지 말아 달라는 사인,@NAME,누가요?,누가요?
T_SZ2:4,점장 2 · 지우지 말아 달라는 사인,세리자와 점장,…….,…….
T_SZ2:5,점장 2 · 지우지 말아 달라는 사인,세리자와 점장,"작년 겨울에 하루가 왔었어. 가게 문 닫은 밤에. 이 벽 앞에 한참 서 있다가, 이거 지우지 말아 달라고 하고 갔어.","작년 겨울에 하루가 왔었어. 가게 문 닫은 밤에. 이 벽 앞에 한참 서 있다가, 이거 지우지 말아 달라고 하고 갔어."
T_SZ2:6,점장 2 · 지우지 말아 달라는 사인,(내레이션),벽에 적힌 하루의 이름을 본다. 하루는 네 명 중에 이름을 제일 크게 썼다.,벽에 적힌 하루의 이름을 본다. 하루는 네 명 중에 이름을 제일 크게 썼다.
T_SZ2:7.c1,점장 2 · 지우지 말아 달라는 사인 · 선택지 1,(선택지),"""……다른 말은 없었어요?""","""……다른 말은 없었어요?"""
T_SZ2:7.c2,점장 2 · 지우지 말아 달라는 사인 · 선택지 2,(선택지),(아무 말도 하지 않는다),(아무 말도 하지 않는다)
T_SZ2:8,점장 2 · 지우지 말아 달라는 사인,세리자와 점장,"""걔한테는 말하지 마세요."" 그게 다야. 그 약속은 방금 깼고.","""걔한테는 말하지 마세요."" 그게 다야. 그 약속은 방금 깼고."
T_SZ2:9,점장 2 · 지우지 말아 달라는 사인,(내레이션),점장은 걸레를 헹구러 나갔다. SIGNAL LOST 사인은 그대로 남았다.,점장은 걸레를 헹구러 나갔다. SIGNAL LOST 사인은 그대로 남았다.
R_GIRLS:0,랜덤 · 알아본 사람,(내레이션),상점가 입구에서 교복 입은 여고생 둘이 이쪽을 보며 수군거린다.,상점가 입구에서 교복 입은 여고생 둘이 이쪽을 보며 수군거린다.
R_GIRLS:1,랜덤 · 알아본 사람,여고생,저 사람 그 47초……,저 사람 그 47초……
R_GIRLS:2,랜덤 · 알아본 사람,여고생,"야, 다 들려.","야, 다 들려."
R_GIRLS:3.c1,랜덤 · 알아본 사람 · 선택지 1,(선택지),"""맞아요, 나예요.""","""맞아요, 나예요."""
R_GIRLS:3.c2,랜덤 · 알아본 사람 · 선택지 2,(선택지),(못 들은 척 지나간다),(못 들은 척 지나간다)
R_GIRLS:3.c3,랜덤 · 알아본 사람 · 선택지 3,(선택지),(이어폰을 양쪽에 낀다),(이어폰을 양쪽에 낀다)
R_GIRLS:4,랜덤 · 알아본 사람,여고생,"헉, 죄송해요! 저희 0dB 영상 봤어요! 이번엔 안 멈추던데요!","헉, 죄송해요! 저희 0dB 영상 봤어요! 이번엔 안 멈추던데요!"
R_GIRLS:5,랜덤 · 알아본 사람,(내레이션),둘은 꾸벅 인사하고 도망치듯 뛰어갔다. 나쁜 뜻은 아니었던 것 같다.,둘은 꾸벅 인사하고 도망치듯 뛰어갔다. 나쁜 뜻은 아니었던 것 같다.
R_GIRLS:6,랜덤 · 알아본 사람,(내레이션),등 뒤에서 웃음소리가 들렸다. 무슨 웃음인지는 모르겠다.,등 뒤에서 웃음소리가 들렸다. 무슨 웃음인지는 모르겠다.
R_GIRLS:7,랜덤 · 알아본 사람,(내레이션),양쪽 이어폰에서 음악이 크게 흘렀다. 왼쪽 귀가 조금 아팠다.,양쪽 이어폰에서 음악이 크게 흘렀다. 왼쪽 귀가 조금 아팠다.
R_RECORDER:0,랜덤 · 리코더 합주,(내레이션),강변 둑에서 초등학생 셋이 리코더 합주를 연습하고 있다. 셋이 전부 다른 박자다.,강변 둑에서 초등학생 셋이 리코더 합주를 연습하고 있다. 셋이 전부 다른 박자다.
R_RECORDER:1.c1,랜덤 · 리코더 합주 · 선택지 1,(선택지),(손뼉으로 박자를 쳐 준다),(손뼉으로 박자를 쳐 준다)
R_RECORDER:1.c2,랜덤 · 리코더 합주 · 선택지 2,(선택지),(지나간다),(지나간다)
R_RECORDER:2,랜덤 · 리코더 합주,(내레이션),"손뼉을 치자 아이들이 이쪽을 봤다. 하나, 둘, 셋, 넷. 두 번째 마디부터 셋이 맞기 시작했다.","손뼉을 치자 아이들이 이쪽을 봤다. 하나, 둘, 셋, 넷. 두 번째 마디부터 셋이 맞기 시작했다."
R_RECORDER:3,랜덤 · 리코더 합주,(내레이션),끝나고 아이들이 박수를 쳤다. 누구한테 치는 박수인지는 몰라도 기분은 좋았다.,끝나고 아이들이 박수를 쳤다. 누구한테 치는 박수인지는 몰라도 기분은 좋았다.
R_RECORDER:4,랜덤 · 리코더 합주,(내레이션),등 뒤로 어긋난 리코더 소리가 멀어진다. 조금 아쉬웠다.,등 뒤로 어긋난 리코더 소리가 멀어진다. 조금 아쉬웠다.
R_PIZZA:0,랜덤 · 남은 피자,(내레이션),0dB 대기실에 오늘 공연한 밴드가 피자 두 판을 남기고 갔다.,0dB 대기실에 오늘 공연한 밴드가 피자 두 판을 남기고 갔다.
R_PIZZA:1,랜덤 · 남은 피자,세리자와 점장,버리기 아까우니까 먹어. 식었어도 피자는 피자야.,버리기 아까우니까 먹어. 식었어도 피자는 피자야.
R_PIZZA:2,랜덤 · 남은 피자,(내레이션),식은 피자는 생각보다 맛있었다.,식은 피자는 생각보다 맛있었다.
R_TRAIN:0,랜덤 · 고가 밑,(내레이션),고가 밑에 서 있는데 머리 위로 전철이 지나간다. 쇠 긁히는 소리가 길게 이어진다.,고가 밑에 서 있는데 머리 위로 전철이 지나간다. 쇠 긁히는 소리가 길게 이어진다.
R_TRAIN:1,랜덤 · 고가 밑,(내레이션),소리가 지나가고 난 뒤에도 귀 안쪽이 계속 울린다.,소리가 지나가고 난 뒤에도 귀 안쪽이 계속 울린다.
R_TRAIN:2.c1,랜덤 · 고가 밑 · 선택지 1,(선택지),(오른쪽 이어폰으로 음악을 튼다),(오른쪽 이어폰으로 음악을 튼다)
R_TRAIN:2.c2,랜덤 · 고가 밑 · 선택지 2,(선택지),(울림이 멎을 때까지 가만히 서 있는다),(울림이 멎을 때까지 가만히 서 있는다)
R_TRAIN:3.1,랜덤 · 고가 밑 · 선택지 1을 골랐을 때,(내레이션),음악을 틀자 울림이 조금 덜 들렸다.,음악을 틀자 울림이 조금 덜 들렸다.
R_TRAIN:3.2,랜덤 · 고가 밑 · 선택지 2을 골랐을 때,(내레이션),30초쯤 지나자 울림이 멎었다. 30초가 길었다.,30초쯤 지나자 울림이 멎었다. 30초가 길었다.
R_RAIN:0,랜덤 · 소나기,(내레이션),상점가를 걷는데 갑자기 소나기가 쏟아진다.,상점가를 걷는데 갑자기 소나기가 쏟아진다.
R_RAIN:1,랜덤 · 소나기,나츠,선배! 이거 쓰세요! 가게 우산이에요. 분실물이긴 하지만요!,선배! 이거 쓰세요! 가게 우산이에요. 분실물이긴 하지만요!
R_RAIN:2,랜덤 · 소나기,(내레이션),나츠가 투명 우산을 쥐여 주고 가게로 뛰어 들어갔다.,나츠가 투명 우산을 쥐여 주고 가게로 뛰어 들어갔다.
R_RAIN:3.c1,랜덤 · 소나기 · 선택지 1,(선택지),(편의점에서 우산을 산다),(편의점에서 우산을 산다)
R_RAIN:3.c2,랜덤 · 소나기 · 선택지 2,(선택지),(그냥 뛴다),(그냥 뛴다)
R_RAIN:4,랜덤 · 소나기,(내레이션),0dB까지 뛰었다. 신발 안까지 다 젖었다.,0dB까지 뛰었다. 신발 안까지 다 젖었다.
R_CD:0,랜덤 · 100엔 박스,(내레이션),레코드샵 앞 100엔 박스를 보니 먼지 쌓인 CD 사이에 낯익은 재킷이 있다.,레코드샵 앞 100엔 박스를 보니 먼지 쌓인 CD 사이에 낯익은 재킷이 있다.
R_CD:1,랜덤 · 100엔 박스,(내레이션),SIGNAL LOST 데모 CD다. 첫 공연 날 0dB에서 50장 찍어서 팔았던 거다. 누가 여기 팔았나 보다.,SIGNAL LOST 데모 CD다. 첫 공연 날 0dB에서 50장 찍어서 팔았던 거다. 누가 여기 팔았나 보다.
R_CD:2.c1,랜덤 · 100엔 박스 · 선택지 1,(선택지),(100엔을 내고 산다),(100엔을 내고 산다)
R_CD:2.c2,랜덤 · 100엔 박스 · 선택지 2,(선택지),(그대로 둔다),(그대로 둔다)
R_CD:3,랜덤 · 100엔 박스,(내레이션),재킷 안쪽에 네 명의 사인이 있다. 하루의 이름이 제일 크다.,재킷 안쪽에 네 명의 사인이 있다. 하루의 이름이 제일 크다.
R_CD:4,랜덤 · 100엔 박스,(내레이션),CD를 박스 맨 아래로 밀어 넣었다. 누가 사 가면 좋겠다는 생각이 조금은 들었다.,CD를 박스 맨 아래로 밀어 넣었다. 누가 사 가면 좋겠다는 생각이 조금은 들었다.
R_SIT:0,랜덤 · 대타 드러머,(내레이션),개장 30분 전인데 오늘 나오는 밴드의 드러머가 안 왔다. 전화도 안 받는다고 한다.,개장 30분 전인데 오늘 나오는 밴드의 드러머가 안 왔다. 전화도 안 받는다고 한다.
R_SIT:1,랜덤 · 대타 드러머,세리자와 점장,……너 드럼 치지?,……너 드럼 치지?
R_SIT:2.c1,랜덤 · 대타 드러머 · 선택지 1,(선택지),"""한 곡만이요.""","""한 곡만이요."""
R_SIT:2.c2,랜덤 · 대타 드러머 · 선택지 2,(선택지),"""오늘은 못 해요.""","""오늘은 못 해요."""
R_SIT:3,랜덤 · 대타 드러머,(내레이션),처음 보는 밴드와 처음 듣는 곡을 쳤다. 악보는 드럼 옆에 테이프로 붙였다.,처음 보는 밴드와 처음 듣는 곡을 쳤다. 악보는 드럼 옆에 테이프로 붙였다.
R_SIT:4,랜덤 · 대타 드러머,(내레이션),끝나고 그 밴드 보컬이 몇 번이나 고개를 숙였다. 점장은 대타비를 봉투에 넣어 줬다.,끝나고 그 밴드 보컬이 몇 번이나 고개를 숙였다. 점장은 대타비를 봉투에 넣어 줬다.
R_SIT:5,랜덤 · 대타 드러머,(내레이션),점장은 다른 데 전화를 돌렸다. 공연은 30분 늦게 시작했다.,점장은 다른 데 전화를 돌렸다. 공연은 30분 늦게 시작했다.
R_OMIKUJI:0,랜덤 · 오미쿠지,(내레이션),신사 앞에 오미쿠지 상자가 있다. 한 번에 100엔이다.,신사 앞에 오미쿠지 상자가 있다. 한 번에 100엔이다.
R_OMIKUJI:1.c1,랜덤 · 오미쿠지 · 선택지 1,(선택지),(뽑는다),(뽑는다)
R_OMIKUJI:1.c2,랜덤 · 오미쿠지 · 선택지 2,(선택지),(안 뽑는다),(안 뽑는다)
R_OMIKUJI:2,랜덤 · 오미쿠지,(내레이션),대길이 나왔다. 「기다리던 사람이 온다」라고 적혀 있다.,대길이 나왔다. 「기다리던 사람이 온다」라고 적혀 있다.
R_OMIKUJI:3,랜덤 · 오미쿠지,(내레이션),길이 나왔다. 「서두르지 말 것」이라고 적혀 있다.,길이 나왔다. 「서두르지 말 것」이라고 적혀 있다.
R_OMIKUJI:4,랜덤 · 오미쿠지,(내레이션),흉이 나왔다. 「소리를 조심할 것」이라고 적혀 있다. 종이는 나뭇가지에 묶고 왔다.,흉이 나왔다. 「소리를 조심할 것」이라고 적혀 있다. 종이는 나뭇가지에 묶고 왔다.
R_OMIKUJI:5,랜덤 · 오미쿠지,(내레이션),100엔이면 탄산수를 반 캔 살 수 있다. 그냥 내려왔다.,100엔이면 탄산수를 반 캔 살 수 있다. 그냥 내려왔다.
R_BUSK:0,랜덤 · 줄 끊어진 버스커,(내레이션),상점가 광장에서 대학생쯤 돼 보이는 사람이 버스킹을 하고 있다. 기타 줄 하나가 끊어져 있다.,상점가 광장에서 대학생쯤 돼 보이는 사람이 버스킹을 하고 있다. 기타 줄 하나가 끊어져 있다.
R_BUSK:1,랜덤 · 줄 끊어진 버스커,(내레이션),다섯 줄로 버티고 있는데 코드가 자꾸 비어서 들린다.,다섯 줄로 버티고 있는데 코드가 자꾸 비어서 들린다.
R_BUSK:2.c1,랜덤 · 줄 끊어진 버스커 · 선택지 1,(선택지),(가방에서 여분 줄을 꺼내 건넨다),(가방에서 여분 줄을 꺼내 건넨다)
R_BUSK:2.c2,랜덤 · 줄 끊어진 버스커 · 선택지 2,(선택지),(동전을 넣고 간다),(동전을 넣고 간다)
R_BUSK:2.c3,랜덤 · 줄 끊어진 버스커 · 선택지 3,(선택지),(지나간다),(지나간다)
R_BUSK:3,랜덤 · 줄 끊어진 버스커,(내레이션),"줄을 갈아 주자 그 사람이 한 곡을 더 불렀다. 끝나고 ""혹시 0dB에서……"" 하고 물었다. 고개만 끄덕였다.","줄을 갈아 주자 그 사람이 한 곡을 더 불렀다. 끝나고 ""혹시 0dB에서……"" 하고 물었다. 고개만 끄덕였다."
R_BUSK:4,랜덤 · 줄 끊어진 버스커,(내레이션),동전 소리에 그 사람이 고개를 숙였다. 끊어진 줄은 그대로였다.,동전 소리에 그 사람이 고개를 숙였다. 끊어진 줄은 그대로였다.
R_BUSK:5,랜덤 · 줄 끊어진 버스커,(내레이션),광장을 빠져나올 때까지 줄 하나 빠진 기타 소리가 계속 들렸다.,광장을 빠져나올 때까지 줄 하나 빠진 기타 소리가 계속 들렸다.
R_PICK:0,랜덤 · 풀밭의 피크,(내레이션),강변 둑 풀밭에서 뭔가 반짝인다. 기타 피크다. 「개업 기념」이라고 적혀 있다.,강변 둑 풀밭에서 뭔가 반짝인다. 기타 피크다. 「개업 기념」이라고 적혀 있다.
R_PICK:1,랜덤 · 풀밭의 피크,(내레이션),헌옷가게 가판대에서 파는 그 싸구려 피크다. 나츠가 떨어뜨렸을지도 모른다.,헌옷가게 가판대에서 파는 그 싸구려 피크다. 나츠가 떨어뜨렸을지도 모른다.
R_PICK:2,랜덤 · 풀밭의 피크,(내레이션),주머니에 넣었다. 언젠가 쓸 일이 있을 거다.,주머니에 넣었다. 언젠가 쓸 일이 있을 거다.
R_REUP:0,랜덤 · #47초프리즈,(내레이션),밤에 PULSE 알림이 떴다. #47초프리즈 태그가 또 트렌드에 올라왔다.,밤에 PULSE 알림이 떴다. #47초프리즈 태그가 또 트렌드에 올라왔다.
R_REUP:1,랜덤 · #47초프리즈,(내레이션),누가 그 클립에 새 효과음을 붙여 다시 올렸다. 조회수가 무섭게 올라간다.,누가 그 클립에 새 효과음을 붙여 다시 올렸다. 조회수가 무섭게 올라간다.
R_REUP:2.c1,랜덤 · #47초프리즈 · 선택지 1,(선택지),(댓글을 읽는다),(댓글을 읽는다)
R_REUP:2.c2,랜덤 · #47초프리즈 · 선택지 2,(선택지),(태그를 뮤트한다),(태그를 뮤트한다)
R_REUP:2.c3,랜덤 · #47초프리즈 · 선택지 3,(선택지),(0dB 공연 영상을 대신 튼다),(0dB 공연 영상을 대신 튼다)
R_REUP:3.1,랜덤 · #47초프리즈 · 선택지 1을 골랐을 때,(내레이션),읽지 말걸 그랬다.,읽지 말걸 그랬다.
R_REUP:3.2,랜덤 · #47초프리즈 · 선택지 2을 골랐을 때,(내레이션),뮤트 버튼을 누르고 휴대폰을 뒤집었다.,뮤트 버튼을 누르고 휴대폰을 뒤집었다.
R_REUP:3.3,랜덤 · #47초프리즈 · 선택지 3을 골랐을 때,(내레이션),객석 맨 뒤에서 찍은 흔들리는 영상을 틀었다. 거기서는 멈추지 않았다.,객석 맨 뒤에서 찍은 흔들리는 영상을 틀었다. 거기서는 멈추지 않았다.
R_POSTER:0,랜덤 · 게시판의 포스터,(내레이션),상점가 게시판에 ECLIPSE 여름 투어 포스터가 새로 붙었다.,상점가 게시판에 ECLIPSE 여름 투어 포스터가 새로 붙었다.
R_POSTER:1,랜덤 · 게시판의 포스터,(내레이션),네 명 중 하나가 하루다. 머리가 짧아졌다.,네 명 중 하나가 하루다. 머리가 짧아졌다.
R_POSTER:2.c1,랜덤 · 게시판의 포스터 · 선택지 1,(선택지),(포스터를 한참 본다),(포스터를 한참 본다)
R_POSTER:2.c2,랜덤 · 게시판의 포스터 · 선택지 2,(선택지),(지나간다),(지나간다)
R_POSTER:3,랜덤 · 게시판의 포스터,(내레이션),하루 얼굴 옆에 누가 매직으로 「배신자」라고 써 놓았다. 손가락으로 문질러 봤다. 지워지지 않았다.,하루 얼굴 옆에 누가 매직으로 「배신자」라고 써 놓았다. 손가락으로 문질러 봤다. 지워지지 않았다.
R_POSTER:4,랜덤 · 게시판의 포스터,(내레이션),포스터 앞을 지나쳤다. 세 걸음쯤 가서 한 번 돌아봤다.,포스터 앞을 지나쳤다. 세 걸음쯤 가서 한 번 돌아봤다.
R_DAD:0,랜덤 · 렌 아버지,(내레이션),멘야 도돈에 가니 오늘은 렌 대신 나이 든 남자가 카운터에 서 있다.,멘야 도돈에 가니 오늘은 렌 대신 나이 든 남자가 카운터에 서 있다.
R_DAD:1,랜덤 · 렌 아버지,렌 아버지,렌 친구지? 걔 오늘 배달 갔어.,렌 친구지? 걔 오늘 배달 갔어.
R_DAD:2,랜덤 · 렌 아버지,렌 아버지,걔가 요즘 밤마다 뭘 두드려. 양동이인지 뭔지.,걔가 요즘 밤마다 뭘 두드려. 양동이인지 뭔지.
R_DAD:3,랜덤 · 렌 아버지,렌 아버지,그 소리 들으면 잠이 잘 와. 걔한테는 말하지 마라.,그 소리 들으면 잠이 잘 와. 걔한테는 말하지 마라.
R_DAD:4,랜덤 · 렌 아버지,(내레이션),라멘 위에 차슈가 한 장 더 얹혀 있었다. 이 집 서비스는 아버지한테 배운 거였나 보다.,라멘 위에 차슈가 한 장 더 얹혀 있었다. 이 집 서비스는 아버지한테 배운 거였나 보다.
TALK_RUI1:0,잡담 · 루이 1,루이,왜. 할 말 있어?,왜. 할 말 있어?
TALK_RUI1:1,잡담 · 루이 1,@NAME,그냥 지나가다가.,그냥 지나가다가.
TALK_RUI1:2,잡담 · 루이 1,루이,그냥 지나가다가 이 계단을 올라와? 백 개가 넘는데.,그냥 지나가다가 이 계단을 올라와? 백 개가 넘는데.
TALK_RUI2:0,잡담 · 루이 2,(내레이션),루이가 탄산수를 마시다가 캔을 흔들어 보인다.,루이가 탄산수를 마시다가 캔을 흔들어 보인다.
TALK_RUI2:1,잡담 · 루이 2,루이,레몬 맛이 제일 나아. 다른 건 너무 달아.,레몬 맛이 제일 나아. 다른 건 너무 달아.
TALK_RUI3:0,잡담 · 루이 3,루이,"어제 연습 녹음 들어 봤어. 네 기타, 나쁘지 않더라.","어제 연습 녹음 들어 봤어. 네 기타, 나쁘지 않더라."
TALK_RUI3:1,잡담 · 루이 3,루이,칭찬 아니야. 사실이야.,칭찬 아니야. 사실이야.
TALK_RUI4:0,잡담 · 루이 4,루이,편의점 새벽 알바하는 애가 나를 알아. 마스크 쓴 탄산수 손님이래.,편의점 새벽 알바하는 애가 나를 알아. 마스크 쓴 탄산수 손님이래.
TALK_RUI4:1,잡담 · 루이 4,루이,그 별명 싫어.,그 별명 싫어.
TALK_RUI5:0,잡담 · 루이 5,루이,요즘은 계단 올라오는 발소리만 들어도 너인지 알아.,요즘은 계단 올라오는 발소리만 들어도 너인지 알아.
TALK_RUI5:1,잡담 · 루이 5,루이,……박자가 일정해서. 그뿐이야.,……박자가 일정해서. 그뿐이야.
TALK_REN1:0,잡담 · 렌 1,렌,오셨어요. 오늘 국물 잘 나왔어요. 끓는 소리로 알아요.,오셨어요. 오늘 국물 잘 나왔어요. 끓는 소리로 알아요.
TALK_REN2:0,잡담 · 렌 2,렌,"주문 들어오는 BPM이 있어요. 손님 많은 날은 160, 오늘은 60쯤.","주문 들어오는 BPM이 있어요. 손님 많은 날은 160, 오늘은 60쯤."
TALK_REN2:1,잡담 · 렌 2,렌,한가하다는 뜻이에요.,한가하다는 뜻이에요.
TALK_REN3:0,잡담 · 렌 3,(내레이션),렌이 가게 스피커에서 나오는 곡에 딱 맞춰 나무젓가락으로 카운터를 톡톡 친다.,렌이 가게 스피커에서 나오는 곡에 딱 맞춰 나무젓가락으로 카운터를 톡톡 친다.
TALK_REN3:1,잡담 · 렌 3,렌,"아, 버릇이에요. 신경 쓰지 마세요.","아, 버릇이에요. 신경 쓰지 마세요."
TALK_REN4:0,잡담 · 렌 4,렌,새벽 시장은 다섯 시에 열어요. 그 시간이 제일 조용해요.,새벽 시장은 다섯 시에 열어요. 그 시간이 제일 조용해요.
TALK_REN5:0,잡담 · 렌 5,렌,요즘 스틱을 앞치마 주머니에 넣고 다녀요.,요즘 스틱을 앞치마 주머니에 넣고 다녀요.
TALK_REN5:1,잡담 · 렌 5,렌,쉬는 시간에 무릎 치려고요. 들키면 아버지한테 혼나요.,쉬는 시간에 무릎 치려고요. 들키면 아버지한테 혼나요.
TALK_NATSU1:0,잡담 · 나츠 1,나츠,선배! 오늘 손님이 제 기타 듣고 청재킷 샀어요! 저 영업 천재 아니에요?,선배! 오늘 손님이 제 기타 듣고 청재킷 샀어요! 저 영업 천재 아니에요?
TALK_NATSU2:0,잡담 · 나츠 2,나츠,사장님이 가판대에서 기타 치지 말래요. 손님들이 무서워한대요.,사장님이 가판대에서 기타 치지 말래요. 손님들이 무서워한대요.
TALK_NATSU2:1,잡담 · 나츠 2,나츠,근데 오늘도 쳤어요.,근데 오늘도 쳤어요.
TALK_NATSU3:0,잡담 · 나츠 3,나츠,선배는 연습할 때 뭐 먹어요? 저는 멜론빵이요. 손에 기름이 안 묻어서요.,선배는 연습할 때 뭐 먹어요? 저는 멜론빵이요. 손에 기름이 안 묻어서요.
TALK_NATSU4:0,잡담 · 나츠 4,나츠,누나가 기타 소리 시끄럽다고 방문을 쾅 닫아요. 그 소리가 제 기타보다 커요.,누나가 기타 소리 시끄럽다고 방문을 쾅 닫아요. 그 소리가 제 기타보다 커요.
TALK_NATSU5:0,잡담 · 나츠 5,나츠,선배 옆에서 치면 손이 덜 떨려요. 신기하죠.,선배 옆에서 치면 손이 덜 떨려요. 신기하죠.
TALK_NATSU5:1,잡담 · 나츠 5,나츠,……방금 거 좀 이상하게 들렸나?,……방금 거 좀 이상하게 들렸나?
TALK_REI1:0,잡담 · 레이 1,레이,"오늘 가게 BGM, 원곡보다 조금 빨라. 턴테이블 속도가 틀어졌나 봐.","오늘 가게 BGM, 원곡보다 조금 빨라. 턴테이블 속도가 틀어졌나 봐."
TALK_REI1:1,잡담 · 레이 1,레이,사장님한테 세 번 말했어.,사장님한테 세 번 말했어.
TALK_REI2:0,잡담 · 레이 2,레이,오늘 걸음이 느리네. 피곤하지?,오늘 걸음이 느리네. 피곤하지?
TALK_REI3:0,잡담 · 레이 3,레이,절판 악보는 원본 가진 사람이 내놓기 전엔 안 나와. 그래서 복사본이라도 모으는 거야.,절판 악보는 원본 가진 사람이 내놓기 전엔 안 나와. 그래서 복사본이라도 모으는 거야.
TALK_REI4:0,잡담 · 레이 4,레이,홍차는 3분. 3분 10초도 안 되고 2분 50초도 안 돼.,홍차는 3분. 3분 10초도 안 되고 2분 50초도 안 돼.
TALK_REI5:0,잡담 · 레이 5,레이,"어제 녹음 들었어. 두 번째 곡 브리지, 네 소리 좋았어.","어제 녹음 들었어. 두 번째 곡 브리지, 네 소리 좋았어."
TALK_REI5:1,잡담 · 레이 5,레이,한 번만 말할 거야.,한 번만 말할 거야.
TALK_KOTO1:0,잡담 · 코토 1,@kero_P,지금 창문으로 보고 있어요. 손 흔들지 마세요. 부끄러워요.,지금 창문으로 보고 있어요. 손 흔들지 마세요. 부끄러워요.
TALK_KOTO2:0,잡담 · 코토 2,@kero_P,새 베이스 라인 만들었어요. 오늘은 개구리 울음소리를 샘플로 넣어 봤어요.,새 베이스 라인 만들었어요. 오늘은 개구리 울음소리를 샘플로 넣어 봤어요.
TALK_KOTO2:1,잡담 · 코토 2,@kero_P,농담이에요. 반은요.,농담이에요. 반은요.
TALK_KOTO3:0,잡담 · 코토 3,@kero_P,밖이 시끄러우면 헤드폰을 두 개 겹쳐 써요. 그럼 제 소리만 남아요.,밖이 시끄러우면 헤드폰을 두 개 겹쳐 써요. 그럼 제 소리만 남아요.
TALK_KOTO4:0,잡담 · 코토 4,@kero_P,"오늘 밤하늘 봤어요? 창문 크기만큼만 보이는데, 그래도 좋았어요.","오늘 밤하늘 봤어요? 창문 크기만큼만 보이는데, 그래도 좋았어요."
TALK_KOTO5:0,잡담 · 코토 5,코토,"……안녕, 하세요.","……안녕, 하세요."
TALK_KOTO5:1,잡담 · 코토 5,(내레이션),코토가 현관문을 반쯤 열고 직접 인사했다. 그러고는 바로 문을 닫았다.,코토가 현관문을 반쯤 열고 직접 인사했다. 그러고는 바로 문을 닫았다.
TALK_KOTO5:2,잡담 · 코토 5,@kero_P,방금 거 연습했어요.,방금 거 연습했어요.
GIFT_RUI:0,선물 반응 · 루이,루이,……이거 내가 맨날 사는 거잖아. 어떻게 알았어?,……이거 내가 맨날 사는 거잖아. 어떻게 알았어?
GIFT_RUI:1,선물 반응 · 루이,루이,고마워. 잘 쓸게.,고마워. 잘 쓸게.
GIFT_RUI:2,선물 반응 · 루이,루이,응. 받아 둘게.,응. 받아 둘게.
GIFT_RUI:3,선물 반응 · 루이,루이,……이걸 나보고 어쩌라고.,……이걸 나보고 어쩌라고.
GIFT_RUI:4,선물 반응 · 루이,루이,새 거네. 끈이 부드러워. ……고마워. 진짜로.,새 거네. 끈이 부드러워. ……고마워. 진짜로.
GIFT_REN:0,선물 반응 · 렌,렌,이거 비싼 건데요. ……고마워요. 내일 국물에 넣을게요.,이거 비싼 건데요. ……고마워요. 내일 국물에 넣을게요.
GIFT_REN:1,선물 반응 · 렌,렌,잘 쓸게요. 아껴서요.,잘 쓸게요. 아껴서요.
GIFT_REN:2,선물 반응 · 렌,렌,"아, 감사합니다.","아, 감사합니다."
GIFT_REN:3,선물 반응 · 렌,렌,……마음만 받을게요.,……마음만 받을게요.
GIFT_REN:4,선물 반응 · 렌,렌,5A네요. 이건 벽에 안 걸게요. 쓸게요.,5A네요. 이건 벽에 안 걸게요. 쓸게요.
GIFT_NATSU:0,선물 반응 · 나츠,나츠,"헉, 이거 오늘 다 팔렸던 건데요?! 선배 최고예요!","헉, 이거 오늘 다 팔렸던 건데요?! 선배 최고예요!"
GIFT_NATSU:1,선물 반응 · 나츠,나츠,"우와, 감사합니다! 아껴 쓸게요!","우와, 감사합니다! 아껴 쓸게요!"
GIFT_NATSU:2,선물 반응 · 나츠,나츠,감사합니다! 헤헤.,감사합니다! 헤헤.
GIFT_NATSU:3,선물 반응 · 나츠,나츠,"아, 감사합니다! ……근데 이거 어디에 쓰는 거예요?","아, 감사합니다! ……근데 이거 어디에 쓰는 거예요?"
GIFT_NATSU:4,선물 반응 · 나츠,나츠,09 게이지! 선배가 첫 기타에 끼웠던 거랑 같은 거죠? 인터뷰에서 봤어요!,09 게이지! 선배가 첫 기타에 끼웠던 거랑 같은 거죠? 인터뷰에서 봤어요!
GIFT_REI:0,선물 반응 · 레이,레이,……이거 어디서 구했어. 찾는 데 2년 걸렸는데.,……이거 어디서 구했어. 찾는 데 2년 걸렸는데.
GIFT_REI:1,선물 반응 · 레이,레이,고마워. 쓸모 있네.,고마워. 쓸모 있네.
GIFT_REI:2,선물 반응 · 레이,레이,받을게.,받을게.
GIFT_REI:3,선물 반응 · 레이,레이,미안. 이건 별로야. 마음은 받을게.,미안. 이건 별로야. 마음은 받을게.
GIFT_KOTO:0,선물 반응 · 코토,@kero_P,개구리다……. 가방에 달게요. 지금 바로요.,개구리다……. 가방에 달게요. 지금 바로요.
GIFT_KOTO:1,선물 반응 · 코토,@kero_P,고마워요. 진짜로요.,고마워요. 진짜로요.
GIFT_KOTO:2,선물 반응 · 코토,@kero_P,감사합니다.,감사합니다.
GIFT_KOTO:3,선물 반응 · 코토,@kero_P,……? 감사합니다.,……? 감사합니다.
GIFT_KOTO:4,선물 반응 · 코토,@kero_P,귀마개……. 이거 좋은 거예요. 소리가 안 뭉개져요. 어떻게 아셨어요.,귀마개……. 이거 좋은 거예요. 소리가 안 뭉개져요. 어떻게 아셨어요.
STORY.year:0.1,타이틀 카드 · 1년 후,(카드 1줄),ONE YEAR LATER,ONE YEAR LATER
STORY.year:0.2,타이틀 카드 · 1년 후,(카드 2줄),1년 후,1년 후
STORY.year:0.3,타이틀 카드 · 1년 후,(카드 3줄),4월 · 나기사카,4월 · 나기사카
STORY.year:3.1,타이틀 카드 · 1년 후,(카드 1줄),CHAPTER 1,CHAPTER 1
STORY.year:3.2,타이틀 카드 · 1년 후,(카드 2줄),제로 데시벨,제로 데시벨
STORY.year:3.3,타이틀 카드 · 1년 후,(카드 3줄),4월 · 오픈 마이크까지 2주,4월 · 오픈 마이크까지 2주
STORY.prologue:1.1,타이틀 카드 · 프롤로그,(카드 1줄),SET 1 / 2,SET 1 / 2
STORY.prologue:1.2,타이틀 카드 · 프롤로그,(카드 2줄),SIGNAL LOST,SIGNAL LOST
STORY.prologue:1.3,타이틀 카드 · 프롤로그,(카드 3줄),블루 아워 페스 · 서브 스테이지,블루 아워 페스 · 서브 스테이지
STORY.prologue:3.1,타이틀 카드 · 프롤로그,(카드 1줄),SET 2 / 2,SET 2 / 2
STORY.prologue:3.2,타이틀 카드 · 프롤로그,(카드 2줄),두 번째 곡,두 번째 곡
STORY.prologue:3.3,타이틀 카드 · 프롤로그,(카드 3줄),생중계 중,생중계 중
